symbol,sw_level1,sw_level2,style_category,mapping_status
000001,银行,,大金融,verified
000002,,,,missing
000006,,,,missing
000007,,,,missing
000008,,,,missing
000009,,,,missing
000010,,,,missing
000011,,,,missing
000012,,,,missing
000014,,,,missing
000016,,,,missing
000017,,,,missing
000019,,,,missing
000020,,,,missing
000021,,,,missing
000025,,,,missing
000026,,,,missing
000027,,,,missing
000028,,,,missing
000029,,,,missing
000030,,,,missing
000031,,,,missing
000032,,,,missing
000034,,,,missing
000035,,,,missing
000036,,,,missing
000037,,,,missing
000039,,,,missing
000042,,,,missing
000045,,,,missing
000048,,,,missing
000049,,,,missing
000050,,,,missing
000055,,,,missing
000056,,,,missing
000058,,,,missing
000059,,,,missing
000060,,,,missing
000061,,,,missing
000062,,,,missing
000063,,,,missing
000065,,,,missing
000066,,,,missing
000068,,,,missing
000069,,,,missing
000070,,,,missing
000078,,,,missing
000088,,,,missing
000089,,,,missing
000090,,,,missing
000096,,,,missing
000099,,,,missing
000100,,,,missing
000151,,,,missing
000153,,,,missing
000155,,,,missing
000156,,,,missing
000157,,,,missing
000158,,,,missing
000159,,,,missing
000166,,,,missing
000301,,,,missing
000333,,,,missing
000338,,,,missing
000400,,,,missing
000401,,,,missing
000402,,,,missing
000403,,,,missing
000404,,,,missing
000407,,,,missing
000408,,,,missing
000409,,,,missing
000410,,,,missing
000411,,,,missing
000415,,,,missing
000417,,,,missing
000419,,,,missing
000420,,,,missing
000421,,,,missing
000422,,,,missing
000423,,,,missing
000425,,,,missing
000426,,,,missing
000428,,,,missing
000429,,,,missing
000430,,,,missing
000488,,,,missing
000498,,,,missing
000501,,,,missing
000503,,,,missing
000504,,,,missing
000505,,,,missing
000506,,,,missing
000507,,,,missing
000509,,,,missing
000510,,,,missing
000513,,,,missing
000514,,,,missing
000516,,,,missing
000517,,,,missing
000518,,,,missing
000519,,,,missing
000520,,,,missing
000521,,,,missing
000523,,,,missing
000524,,,,missing
000525,,,,missing
000526,,,,missing
000528,,,,missing
000529,,,,missing
000530,,,,missing
000531,,,,missing
000532,,,,missing
000533,,,,missing
000534,,,,missing
000536,,,,missing
000537,,,,missing
000538,,,,missing
000539,,,,missing
000541,,,,missing
000543,,,,missing
000544,,,,missing
000545,,,,missing
000546,,,,missing
000547,,,,missing
000548,,,,missing
000550,,,,missing
000551,,,,missing
000552,,,,missing
000553,,,,missing
000554,,,,missing
000555,,,,missing
000557,,,,missing
000558,,,,missing
000559,,,,missing
000560,,,,missing
000561,,,,missing
000563,,,,missing
000564,,,,missing
000565,,,,missing
000566,,,,missing
000567,,,,missing
000568,,,,missing
000570,,,,missing
000571,,,,missing
000572,,,,missing
000573,,,,missing
000576,,,,missing
000581,,,,missing
000582,,,,missing
000586,,,,missing
000589,,,,missing
000590,,,,missing
000591,,,,missing
000592,,,,missing
000593,,,,missing
000595,,,,missing
000596,,,,missing
000597,,,,missing
000598,,,,missing
000599,,,,missing
000600,,,,missing
000601,,,,missing
000603,,,,missing
000605,,,,missing
000607,,,,missing
000608,,,,missing
000609,,,,missing
000610,,,,missing
000612,,,,missing
000615,,,,missing
000617,,,,missing
000619,,,,missing
000620,,,,missing
000623,,,,missing
000625,,,,missing
000626,,,,missing
000628,,,,missing
000629,,,,missing
000630,,,,missing
000631,,,,missing
000632,,,,missing
000633,,,,missing
000635,,,,missing
000636,,,,missing
000637,,,,missing
000639,,,,missing
000650,,,,missing
000651,,,,missing
000652,,,,missing
000655,,,,missing
000656,,,,missing
000657,,,,missing
000659,,,,missing
000661,,,,missing
000663,,,,missing
000665,,,,missing
000668,,,,missing
000669,,,,missing
000670,,,,missing
000672,,,,missing
000676,,,,missing
000677,,,,missing
000678,,,,missing
000679,,,,missing
000680,,,,missing
000681,,,,missing
000682,,,,missing
000683,,,,missing
000685,,,,missing
000686,,,,missing
000688,,,,missing
000690,,,,missing
000691,,,,missing
000692,,,,missing
000695,,,,missing
000697,,,,missing
000698,,,,missing
000700,,,,missing
000701,,,,missing
000702,,,,missing
000703,,,,missing
000705,,,,missing
000707,,,,missing
000708,,,,missing
000709,,,,missing
000710,,,,missing
000711,,,,missing
000712,,,,missing
000713,,,,missing
000715,,,,missing
000716,,,,missing
000717,,,,missing
000718,,,,missing
000719,,,,missing
000720,,,,missing
000721,,,,missing
000722,,,,missing
000723,,,,missing
000725,,,,missing
000726,,,,missing
000727,,,,missing
000728,,,,missing
000729,,,,missing
000731,,,,missing
000733,,,,missing
000735,,,,missing
000736,,,,missing
000737,,,,missing
000738,,,,missing
000739,,,,missing
000750,,,,missing
000751,,,,missing
000752,,,,missing
000753,,,,missing
000755,,,,missing
000756,,,,missing
000757,,,,missing
000758,,,,missing
000759,,,,missing
000761,,,,missing
000762,,,,missing
000766,,,,missing
000767,,,,missing
000768,,,,missing
000776,,,,missing
000777,,,,missing
000778,,,,missing
000779,,,,missing
000782,,,,missing
000783,,,,missing
000785,,,,missing
000786,,,,missing
000788,,,,missing
000789,,,,missing
000790,,,,missing
000791,,,,missing
000792,,,,missing
000793,,,,missing
000795,,,,missing
000796,,,,missing
000797,,,,missing
000798,,,,missing
000799,,,,missing
000800,,,,missing
000801,,,,missing
000802,,,,missing
000803,,,,missing
000807,,,,missing
000809,,,,missing
000810,,,,missing
000811,,,,missing
000812,,,,missing
000813,,,,missing
000815,,,,missing
000816,,,,missing
000818,,,,missing
000819,,,,missing
000820,,,,missing
000821,,,,missing
000822,,,,missing
000823,,,,missing
000825,,,,missing
000826,,,,missing
000828,,,,missing
000829,,,,missing
000830,,,,missing
000831,,,,missing
000833,,,,missing
000837,,,,missing
000838,,,,missing
000839,,,,missing
000848,,,,missing
000850,,,,missing
000852,,,,missing
000856,,,,missing
000858,,,,missing
000859,,,,missing
000860,,,,missing
000862,,,,missing
000863,,,,missing
000868,,,,missing
000869,,,,missing
000875,,,,missing
000876,,,,missing
000877,,,,missing
000878,,,,missing
000880,,,,missing
000881,,,,missing
000882,,,,missing
000883,,,,missing
000885,,,,missing
000886,,,,missing
000887,,,,missing
000888,,,,missing
000889,,,,missing
000890,,,,missing
000892,,,,missing
000893,,,,missing
000895,,,,missing
000897,,,,missing
000898,,,,missing
000899,,,,missing
000900,,,,missing
000901,,,,missing
000902,,,,missing
000903,,,,missing
000905,,,,missing
000906,,,,missing
000908,,,,missing
000909,,,,missing
000910,,,,missing
000911,,,,missing
000912,,,,missing
000913,,,,missing
000915,,,,missing
000917,,,,missing
000919,,,,missing
000920,,,,missing
000921,,,,missing
000922,,,,missing
000923,,,,missing
000925,,,,missing
000926,,,,missing
000927,,,,missing
000928,,,,missing
000929,,,,missing
000930,,,,missing
000931,,,,missing
000932,,,,missing
000933,,,,missing
000935,,,,missing
000936,,,,missing
000937,,,,missing
000938,,,,missing
000948,,,,missing
000949,,,,missing
000950,,,,missing
000951,,,,missing
000952,,,,missing
000953,,,,missing
000955,,,,missing
000957,,,,missing
000958,,,,missing
000959,,,,missing
000960,,,,missing
000962,,,,missing
000963,,,,missing
000965,,,,missing
000966,,,,missing
000967,,,,missing
000968,,,,missing
000969,,,,missing
000970,,,,missing
000972,,,,missing
000973,,,,missing
000975,,,,missing
000977,,,,missing
000978,,,,missing
000980,,,,missing
000981,,,,missing
000983,,,,missing
000985,,,,missing
000987,,,,missing
000988,,,,missing
000989,,,,missing
000990,,,,missing
000993,,,,missing
000995,,,,missing
000997,,,,missing
000998,,,,missing
000999,,,,missing
001201,,,,missing
001202,,,,missing
001203,,,,missing
001205,,,,missing
001206,,,,missing
001207,,,,missing
001208,,,,missing
001209,,,,missing
001210,,,,missing
001211,,,,missing
001212,,,,missing
001213,,,,missing
001215,,,,missing
001216,,,,missing
001217,,,,missing
001218,,,,missing
001219,,,,missing
001220,,,,missing
001221,,,,missing
001222,,,,missing
001223,,,,missing
001225,,,,missing
001226,,,,missing
001227,,,,missing
001228,,,,missing
001229,,,,missing
001230,,,,missing
001231,,,,missing
001233,,,,missing
001234,,,,missing
001236,,,,missing
001237,,,,missing
001238,,,,missing
001239,,,,missing
001248,,,,missing
001255,,,,missing
001256,,,,missing
001257,,,,missing
001258,,,,missing
001259,,,,missing
001260,,,,missing
001266,,,,missing
001267,,,,missing
001268,,,,missing
001269,,,,missing
001270,,,,missing
001277,,,,missing
001278,,,,missing
001279,,,,missing
001280,,,,missing
001282,,,,missing
001283,,,,missing
001285,,,,missing
001286,,,,missing
001287,,,,missing
001288,,,,missing
001289,,,,missing
001296,,,,missing
001298,,,,missing
001299,,,,missing
001300,,,,missing
001301,,,,missing
001306,,,,missing
001308,,,,missing
001309,,,,missing
001311,,,,missing
001312,,,,missing
001313,,,,missing
001314,,,,missing
001316,,,,missing
001317,,,,missing
001318,,,,missing
001319,,,,missing
001322,,,,missing
001323,,,,missing
001324,,,,missing
001325,,,,missing
001326,,,,missing
001328,,,,missing
001330,,,,missing
001331,,,,missing
001332,,,,missing
001333,,,,missing
001335,,,,missing
001336,,,,missing
001337,,,,missing
001338,,,,missing
001339,,,,missing
001356,,,,missing
001358,,,,missing
001359,,,,missing
001360,,,,missing
001365,,,,missing
001366,,,,missing
001367,,,,missing
001368,,,,missing
001369,,,,missing
001373,,,,missing
001376,,,,missing
001378,,,,missing
001379,,,,missing
001380,,,,missing
001382,,,,missing
001386,,,,missing
001387,,,,missing
001388,,,,missing
001389,,,,missing
001390,,,,missing
001391,,,,missing
001393,,,,missing
001395,,,,missing
001396,,,,missing
001399,,,,missing
001400,,,,missing
001696,,,,missing
001872,,,,missing
001896,,,,missing
001914,,,,missing
001965,,,,missing
001979,,,,missing
002001,,,,missing
002003,,,,missing
002004,,,,missing
002005,,,,missing
002006,,,,missing
002007,,,,missing
002008,,,,missing
002009,,,,missing
002010,,,,missing
002011,,,,missing
002012,,,,missing
002014,,,,missing
002015,,,,missing
002016,,,,missing
002017,,,,missing
002019,,,,missing
002020,,,,missing
002021,,,,missing
002022,,,,missing
002023,,,,missing
002024,,,,missing
002025,,,,missing
002026,,,,missing
002027,,,,missing
002028,,,,missing
002029,,,,missing
002030,,,,missing
002031,,,,missing
002032,,,,missing
002033,,,,missing
002034,,,,missing
002035,,,,missing
002036,,,,missing
002037,,,,missing
002038,,,,missing
002039,,,,missing
002040,,,,missing
002041,,,,missing
002042,,,,missing
002043,,,,missing
002044,,,,missing
002045,,,,missing
002046,,,,missing
002047,,,,missing
002048,,,,missing
002049,,,,missing
002050,,,,missing
002051,,,,missing
002052,,,,missing
002053,,,,missing
002054,,,,missing
002055,,,,missing
002056,,,,missing
002057,,,,missing
002058,,,,missing
002059,,,,missing
002060,,,,missing
002061,,,,missing
002062,,,,missing
002063,,,,missing
002064,,,,missing
002065,,,,missing
002066,,,,missing
002067,,,,missing
002068,,,,missing
002069,,,,missing
002072,,,,missing
002073,,,,missing
002074,,,,missing
002075,,,,missing
002076,,,,missing
002077,,,,missing
002078,,,,missing
002079,,,,missing
002080,,,,missing
002081,,,,missing
002082,,,,missing
002083,,,,missing
002084,,,,missing
002085,,,,missing
002086,,,,missing
002088,,,,missing
002090,,,,missing
002091,,,,missing
002092,,,,missing
002093,,,,missing
002094,,,,missing
002095,,,,missing
002096,,,,missing
002097,,,,missing
002098,,,,missing
002099,,,,missing
002100,,,,missing
002101,,,,missing
002102,,,,missing
002103,,,,missing
002104,,,,missing
002105,,,,missing
002106,,,,missing
002107,,,,missing
002108,,,,missing
002109,,,,missing
002110,,,,missing
002111,,,,missing
002112,,,,missing
002114,,,,missing
002115,,,,missing
002116,,,,missing
002117,,,,missing
002119,,,,missing
002120,,,,missing
002121,,,,missing
002122,,,,missing
002123,,,,missing
002124,,,,missing
002125,,,,missing
002126,,,,missing
002127,,,,missing
002128,,,,missing
002129,,,,missing
002130,,,,missing
002131,,,,missing
002132,,,,missing
002133,,,,missing
002134,,,,missing
002135,,,,missing
002136,,,,missing
002137,,,,missing
002138,,,,missing
002139,,,,missing
002140,,,,missing
002141,,,,missing
002142,银行,,大金融,verified
002144,,,,missing
002145,,,,missing
002146,,,,missing
002148,,,,missing
002149,,,,missing
002150,,,,missing
002151,,,,missing
002152,,,,missing
002153,,,,missing
002154,,,,missing
002155,,,,missing
002156,,,,missing
002157,,,,missing
002158,,,,missing
002159,,,,missing
002160,,,,missing
002161,,,,missing
002162,,,,missing
002163,,,,missing
002164,,,,missing
002165,,,,missing
002166,,,,missing
002167,,,,missing
002168,,,,missing
002169,,,,missing
002170,,,,missing
002171,,,,missing
002172,,,,missing
002173,,,,missing
002174,,,,missing
002175,,,,missing
002176,,,,missing
002177,,,,missing
002178,,,,missing
002179,,,,missing
002180,,,,missing
002181,,,,missing
002182,,,,missing
002183,,,,missing
002184,,,,missing
002185,,,,missing
002186,,,,missing
002187,,,,missing
002188,,,,missing
002189,,,,missing
002190,,,,missing
002191,,,,missing
002192,,,,missing
002193,,,,missing
002194,,,,missing
002195,,,,missing
002196,,,,missing
002197,,,,missing
002198,,,,missing
002199,,,,missing
002200,,,,missing
002201,,,,missing
002202,,,,missing
002203,,,,missing
002204,,,,missing
002205,,,,missing
002206,,,,missing
002207,,,,missing
002208,,,,missing
002209,,,,missing
002210,,,,missing
002211,,,,missing
002212,,,,missing
002213,,,,missing
002214,,,,missing
002215,,,,missing
002216,,,,missing
002217,,,,missing
002218,,,,missing
002219,,,,missing
002221,,,,missing
002222,,,,missing
002223,,,,missing
002224,,,,missing
002225,,,,missing
002226,,,,missing
002227,,,,missing
002228,,,,missing
002229,,,,missing
002230,,,,missing
002232,,,,missing
002233,,,,missing
002234,,,,missing
002235,,,,missing
002236,,,,missing
002237,,,,missing
002238,,,,missing
002239,,,,missing
002240,,,,missing
002241,,,,missing
002242,,,,missing
002243,,,,missing
002244,,,,missing
002245,,,,missing
002246,,,,missing
002247,,,,missing
002248,,,,missing
002249,,,,missing
002250,,,,missing
002251,,,,missing
002252,,,,missing
002253,,,,missing
002254,,,,missing
002255,,,,missing
002256,,,,missing
002258,,,,missing
002259,,,,missing
002261,,,,missing
002262,,,,missing
002263,,,,missing
002264,,,,missing
002265,,,,missing
002266,,,,missing
002267,,,,missing
002268,,,,missing
002269,,,,missing
002270,,,,missing
002271,,,,missing
002272,,,,missing
002273,,,,missing
002274,,,,missing
002275,,,,missing
002276,,,,missing
002277,,,,missing
002278,,,,missing
002279,,,,missing
002281,,,,missing
002282,,,,missing
002283,,,,missing
002284,,,,missing
002285,,,,missing
002286,,,,missing
002287,,,,missing
002289,,,,missing
002290,,,,missing
002291,,,,missing
002292,,,,missing
002293,,,,missing
002294,,,,missing
002295,,,,missing
002296,,,,missing
002297,,,,missing
002298,,,,missing
002299,,,,missing
002300,,,,missing
002301,,,,missing
002302,,,,missing
002303,,,,missing
002304,,,,missing
002305,,,,missing
002306,,,,missing
002307,,,,missing
002309,,,,missing
002310,,,,missing
002311,,,,missing
002312,,,,missing
002313,,,,missing
002314,,,,missing
002315,,,,missing
002316,,,,missing
002317,,,,missing
002318,,,,missing
002319,,,,missing
002320,,,,missing
002321,,,,missing
002322,,,,missing
002323,,,,missing
002324,,,,missing
002326,,,,missing
002327,,,,missing
002328,,,,missing
002329,,,,missing
002330,,,,missing
002331,,,,missing
002332,,,,missing
002333,,,,missing
002334,,,,missing
002335,,,,missing
002337,,,,missing
002338,,,,missing
002339,,,,missing
002340,,,,missing
002342,,,,missing
002343,,,,missing
002344,,,,missing
002345,,,,missing
002346,,,,missing
002347,,,,missing
002348,,,,missing
002349,,,,missing
002350,,,,missing
002351,,,,missing
002352,,,,missing
002353,,,,missing
002354,,,,missing
002355,,,,missing
002356,,,,missing
002357,,,,missing
002358,,,,missing
002360,,,,missing
002361,,,,missing
002362,,,,missing
002363,,,,missing
002364,,,,missing
002365,,,,missing
002366,,,,missing
002367,,,,missing
002368,,,,missing
002369,,,,missing
002370,,,,missing
002371,,,,missing
002372,,,,missing
002373,,,,missing
002374,,,,missing
002375,,,,missing
002376,,,,missing
002377,,,,missing
002378,,,,missing
002379,,,,missing
002380,,,,missing
002381,,,,missing
002382,,,,missing
002383,,,,missing
002384,,,,missing
002385,,,,missing
002386,,,,missing
002387,,,,missing
002388,,,,missing
002389,,,,missing
002390,,,,missing
002391,,,,missing
002392,,,,missing
002393,,,,missing
002394,,,,missing
002395,,,,missing
002396,,,,missing
002397,,,,missing
002398,,,,missing
002399,,,,missing
002400,,,,missing
002401,,,,missing
002402,,,,missing
002403,,,,missing
002404,,,,missing
002405,,,,missing
002406,,,,missing
002407,,,,missing
002408,,,,missing
002409,,,,missing
002410,,,,missing
002412,,,,missing
002413,,,,missing
002414,,,,missing
002415,,,,missing
002416,,,,missing
002418,,,,missing
002419,,,,missing
002420,,,,missing
002421,,,,missing
002422,,,,missing
002423,,,,missing
002424,,,,missing
002425,,,,missing
002426,,,,missing
002427,,,,missing
002428,,,,missing
002429,,,,missing
002430,,,,missing
002431,,,,missing
002432,,,,missing
002434,,,,missing
002436,,,,missing
002437,,,,missing
002438,,,,missing
002439,,,,missing
002440,,,,missing
002441,,,,missing
002442,,,,missing
002443,,,,missing
002444,,,,missing
002445,,,,missing
002446,,,,missing
002448,,,,missing
002449,,,,missing
002451,,,,missing
002452,,,,missing
002453,,,,missing
002454,,,,missing
002455,,,,missing
002456,,,,missing
002457,,,,missing
002458,,,,missing
002459,,,,missing
002460,,,,missing
002461,,,,missing
002462,,,,missing
002463,,,,missing
002465,,,,missing
002466,,,,missing
002467,,,,missing
002468,,,,missing
002469,,,,missing
002470,,,,missing
002471,,,,missing
002472,,,,missing
002474,,,,missing
002475,,,,missing
002476,,,,missing
002478,,,,missing
002479,,,,missing
002480,,,,missing
002481,,,,missing
002482,,,,missing
002483,,,,missing
002484,,,,missing
002485,,,,missing
002486,,,,missing
002487,,,,missing
002488,,,,missing
002489,,,,missing
002490,,,,missing
002491,,,,missing
002492,,,,missing
002493,,,,missing
002494,,,,missing
002495,,,,missing
002496,,,,missing
002497,,,,missing
002498,,,,missing
002500,,,,missing
002501,,,,missing
002506,,,,missing
002507,,,,missing
002508,,,,missing
002510,,,,missing
002511,,,,missing
002512,,,,missing
002513,,,,missing
002514,,,,missing
002515,,,,missing
002516,,,,missing
002517,,,,missing
002518,,,,missing
002519,,,,missing
002520,,,,missing
002521,,,,missing
002522,,,,missing
002523,,,,missing
002524,,,,missing
002526,,,,missing
002527,,,,missing
002528,,,,missing
002529,,,,missing
002530,,,,missing
002531,,,,missing
002532,,,,missing
002533,,,,missing
002534,,,,missing
002535,,,,missing
002536,,,,missing
002537,,,,missing
002538,,,,missing
002539,,,,missing
002540,,,,missing
002541,,,,missing
002542,,,,missing
002543,,,,missing
002544,,,,missing
002545,,,,missing
002546,,,,missing
002547,,,,missing
002548,,,,missing
002549,,,,missing
002550,,,,missing
002551,,,,missing
002552,,,,missing
002553,,,,missing
002554,,,,missing
002555,,,,missing
002556,,,,missing
002557,,,,missing
002558,,,,missing
002559,,,,missing
002560,,,,missing
002561,,,,missing
002562,,,,missing
002563,,,,missing
002564,,,,missing
002565,,,,missing
002566,,,,missing
002567,,,,missing
002568,,,,missing
002569,,,,missing
002570,,,,missing
002571,,,,missing
002572,,,,missing
002573,,,,missing
002574,,,,missing
002575,,,,missing
002576,,,,missing
002577,,,,missing
002578,,,,missing
002579,,,,missing
002580,,,,missing
002581,,,,missing
002582,,,,missing
002583,,,,missing
002584,,,,missing
002585,,,,missing
002586,,,,missing
002587,,,,missing
002588,,,,missing
002589,,,,missing
002590,,,,missing
002591,,,,missing
002592,,,,missing
002593,,,,missing
002594,,,,missing
002595,,,,missing
002596,,,,missing
002597,,,,missing
002598,,,,missing
002599,,,,missing
002600,,,,missing
002601,,,,missing
002602,,,,missing
002603,,,,missing
002605,,,,missing
002606,,,,missing
002607,,,,missing
002608,,,,missing
002609,,,,missing
002611,,,,missing
002612,,,,missing
002613,,,,missing
002614,,,,missing
002615,,,,missing
002616,,,,missing
002617,,,,missing
002620,,,,missing
002622,,,,missing
002623,,,,missing
002624,,,,missing
002625,,,,missing
002626,,,,missing
002627,,,,missing
002628,,,,missing
002629,,,,missing
002630,,,,missing
002631,,,,missing
002632,,,,missing
002633,,,,missing
002634,,,,missing
002635,,,,missing
002636,,,,missing
002637,,,,missing
002638,,,,missing
002639,,,,missing
002640,,,,missing
002641,,,,missing
002642,,,,missing
002643,,,,missing
002644,,,,missing
002645,,,,missing
002646,,,,missing
002647,,,,missing
002648,,,,missing
002649,,,,missing
002650,,,,missing
002651,,,,missing
002652,,,,missing
002653,,,,missing
002654,,,,missing
002655,,,,missing
002656,,,,missing
002657,,,,missing
002658,,,,missing
002659,,,,missing
002660,,,,missing
002661,,,,missing
002662,,,,missing
002663,,,,missing
002664,,,,missing
002666,,,,missing
002667,,,,missing
002668,,,,missing
002669,,,,missing
002670,,,,missing
002671,,,,missing
002672,,,,missing
002673,,,,missing
002674,,,,missing
002675,,,,missing
002676,,,,missing
002677,,,,missing
002678,,,,missing
002679,,,,missing
002681,,,,missing
002682,,,,missing
002683,,,,missing
002685,,,,missing
002686,,,,missing
002687,,,,missing
002688,,,,missing
002689,,,,missing
002690,,,,missing
002691,,,,missing
002692,,,,missing
002693,,,,missing
002694,,,,missing
002695,,,,missing
002696,,,,missing
002697,,,,missing
002698,,,,missing
002700,,,,missing
002701,,,,missing
002702,,,,missing
002703,,,,missing
002705,,,,missing
002706,,,,missing
002707,,,,missing
002708,,,,missing
002709,,,,missing
002712,,,,missing
002713,,,,missing
002714,农林牧渔,养殖业,必选消费,verified
002715,,,,missing
002716,,,,missing
002717,,,,missing
002718,,,,missing
002719,,,,missing
002721,,,,missing
002722,,,,missing
002723,,,,missing
002724,,,,missing
002725,,,,missing
002726,,,,missing
002727,,,,missing
002728,,,,missing
002729,,,,missing
002730,,,,missing
002731,,,,missing
002732,,,,missing
002733,,,,missing
002734,,,,missing
002735,,,,missing
002736,,,,missing
002737,,,,missing
002738,,,,missing
002739,,,,missing
002741,,,,missing
002742,,,,missing
002743,,,,missing
002745,,,,missing
002746,,,,missing
002747,,,,missing
002748,,,,missing
002749,,,,missing
002752,,,,missing
002753,,,,missing
002755,,,,missing
002756,,,,missing
002757,,,,missing
002758,,,,missing
002759,,,,missing
002760,,,,missing
002761,,,,missing
002762,,,,missing
002763,,,,missing
002765,,,,missing
002766,,,,missing
002767,,,,missing
002768,,,,missing
002769,,,,missing
002771,,,,missing
002772,,,,missing
002773,,,,missing
002774,,,,missing
002775,,,,missing
002777,,,,missing
002778,,,,missing
002779,,,,missing
002780,,,,missing
002782,,,,missing
002783,,,,missing
002785,,,,missing
002786,,,,missing
002787,,,,missing
002788,,,,missing
002789,,,,missing
002790,,,,missing
002791,,,,missing
002792,,,,missing
002793,,,,missing
002795,,,,missing
002796,,,,missing
002797,,,,missing
002798,,,,missing
002799,,,,missing
002800,,,,missing
002801,,,,missing
002802,,,,missing
002803,,,,missing
002805,,,,missing
002806,,,,missing
002807,银行,,大金融,verified
002809,,,,missing
002810,,,,missing
002811,,,,missing
002812,,,,missing
002813,,,,missing
002815,,,,missing
002816,,,,missing
002817,,,,missing
002818,,,,missing
002819,,,,missing
002820,,,,missing
002821,,,,missing
002822,,,,missing
002823,,,,missing
002824,,,,missing
002825,,,,missing
002826,,,,missing
002827,,,,missing
002828,,,,missing
002829,,,,missing
002830,,,,missing
002831,,,,missing
002832,,,,missing
002833,,,,missing
002835,,,,missing
002836,,,,missing
002837,,,,missing
002838,,,,missing
002839,银行,,大金融,verified
002840,,,,missing
002841,,,,missing
002842,,,,missing
002843,,,,missing
002845,,,,missing
002846,,,,missing
002847,,,,missing
002848,,,,missing
002849,,,,missing
002850,,,,missing
002851,,,,missing
002852,,,,missing
002853,,,,missing
002855,,,,missing
002856,,,,missing
002857,,,,missing
002858,,,,missing
002859,,,,missing
002860,,,,missing
002861,,,,missing
002862,,,,missing
002863,,,,missing
002864,,,,missing
002865,,,,missing
002866,,,,missing
002867,,,,missing
002868,,,,missing
002869,,,,missing
002870,,,,missing
002871,,,,missing
002872,,,,missing
002873,,,,missing
002875,,,,missing
002876,,,,missing
002877,,,,missing
002878,,,,missing
002879,,,,missing
002880,,,,missing
002881,,,,missing
002882,,,,missing
002883,,,,missing
002884,,,,missing
002885,,,,missing
002886,,,,missing
002887,,,,missing
002888,,,,missing
002889,,,,missing
002890,,,,missing
002891,,,,missing
002892,,,,missing
002893,,,,missing
002895,,,,missing
002896,,,,missing
002897,,,,missing
002899,,,,missing
002900,,,,missing
002901,,,,missing
002902,,,,missing
002903,,,,missing
002905,,,,missing
002906,,,,missing
002907,,,,missing
002908,,,,missing
002909,,,,missing
002910,,,,missing
002911,,,,missing
002912,,,,missing
002913,,,,missing
002915,,,,missing
002916,,,,missing
002917,,,,missing
002918,,,,missing
002919,,,,missing
002920,,,,missing
002921,,,,missing
002922,,,,missing
002923,,,,missing
002925,,,,missing
002926,,,,missing
002927,,,,missing
002928,,,,missing
002929,,,,missing
002930,,,,missing
002931,,,,missing
002932,,,,missing
002933,,,,missing
002935,,,,missing
002936,银行,,大金融,verified
002937,,,,missing
002938,,,,missing
002939,,,,missing
002940,,,,missing
002941,,,,missing
002942,,,,missing
002943,,,,missing
002945,,,,missing
002946,,,,missing
002947,,,,missing
002948,,,,missing
002949,,,,missing
002950,,,,missing
002951,,,,missing
002952,,,,missing
002953,,,,missing
002955,,,,missing
002956,,,,missing
002957,,,,missing
002958,,,,missing
002959,,,,missing
002960,,,,missing
002961,,,,missing
002962,,,,missing
002963,,,,missing
002965,,,,missing
002966,银行,,大金融,verified
002967,,,,missing
002968,,,,missing
002969,,,,missing
002970,,,,missing
002971,,,,missing
002972,,,,missing
002973,,,,missing
002975,,,,missing
002976,,,,missing
002977,,,,missing
002978,,,,missing
002979,,,,missing
002980,,,,missing
002981,,,,missing
002982,,,,missing
002983,,,,missing
002984,,,,missing
002985,,,,missing
002986,,,,missing
002987,,,,missing
002988,,,,missing
002989,,,,missing
002990,,,,missing
002991,,,,missing
002992,,,,missing
002993,,,,missing
002995,,,,missing
002996,,,,missing
002997,,,,missing
002998,,,,missing
002999,,,,missing
003000,,,,missing
003001,,,,missing
003002,,,,missing
003003,,,,missing
003004,,,,missing
003005,,,,missing
003006,,,,missing
003007,,,,missing
003008,,,,missing
003009,,,,missing
003010,,,,missing
003011,,,,missing
003012,,,,missing
003013,,,,missing
003015,,,,missing
003016,,,,missing
003017,,,,missing
003018,,,,missing
003019,,,,missing
003020,,,,missing
003021,,,,missing
003022,,,,missing
003023,,,,missing
003025,,,,missing
003026,,,,missing
003027,,,,missing
003028,,,,missing
003029,,,,missing
003030,,,,missing
003031,,,,missing
003032,,,,missing
003033,,,,missing
003035,,,,missing
003036,,,,missing
003037,,,,missing
003038,,,,missing
003039,,,,missing
003040,,,,missing
003041,,,,missing
003042,,,,missing
003043,,,,missing
003816,,,,missing
300001,,,,missing
300002,,,,missing
300003,,,,missing
300004,,,,missing
300005,,,,missing
300006,,,,missing
300007,,,,missing
300008,,,,missing
300009,,,,missing
300010,,,,missing
300011,,,,missing
300012,,,,missing
300013,,,,missing
300014,,,,missing
300015,,,,missing
300016,,,,missing
300017,,,,missing
300018,,,,missing
300019,,,,missing
300020,,,,missing
300021,,,,missing
300022,,,,missing
300024,,,,missing
300025,,,,missing
300026,,,,missing
300027,,,,missing
300030,,,,missing
300031,,,,missing
300032,,,,missing
300033,,,,missing
300034,,,,missing
300035,,,,missing
300036,,,,missing
300037,,,,missing
300039,,,,missing
300040,,,,missing
300041,,,,missing
300042,,,,missing
300043,,,,missing
300044,,,,missing
300045,,,,missing
300046,,,,missing
300047,,,,missing
300048,,,,missing
300049,,,,missing
300050,,,,missing
300051,,,,missing
300052,,,,missing
300053,,,,missing
300054,,,,missing
300055,,,,missing
300056,,,,missing
300057,,,,missing
300058,,,,missing
300059,,,,missing
300061,,,,missing
300062,,,,missing
300063,,,,missing
300065,,,,missing
300066,,,,missing
300067,,,,missing
300068,,,,missing
300069,,,,missing
300070,,,,missing
300071,,,,missing
300072,,,,missing
300073,,,,missing
300074,,,,missing
300075,,,,missing
300076,,,,missing
300077,,,,missing
300078,,,,missing
300079,,,,missing
300080,,,,missing
300081,,,,missing
300082,,,,missing
300083,,,,missing
300084,,,,missing
300085,,,,missing
300086,,,,missing
300087,,,,missing
300088,,,,missing
300091,,,,missing
300092,,,,missing
300093,,,,missing
300094,,,,missing
300095,,,,missing
300096,,,,missing
300097,,,,missing
300098,,,,missing
300099,,,,missing
300100,,,,missing
300101,,,,missing
300102,,,,missing
300103,,,,missing
300105,,,,missing
300106,,,,missing
300107,,,,missing
300109,,,,missing
300110,,,,missing
300111,,,,missing
300112,,,,missing
300113,,,,missing
300115,,,,missing
300118,,,,missing
300119,,,,missing
300120,,,,missing
300121,,,,missing
300122,,,,missing
300123,,,,missing
300124,,,,missing
300125,,,,missing
300126,,,,missing
300127,,,,missing
300128,,,,missing
300129,,,,missing
300130,,,,missing
300131,,,,missing
300132,,,,missing
300133,,,,missing
300134,,,,missing
300135,,,,missing
300136,,,,missing
300137,,,,missing
300138,,,,missing
300139,,,,missing
300140,,,,missing
300141,,,,missing
300142,,,,missing
300143,,,,missing
300144,,,,missing
300145,,,,missing
300146,,,,missing
300147,,,,missing
300148,,,,missing
300149,,,,missing
300150,,,,missing
300151,,,,missing
300152,,,,missing
300153,,,,missing
300154,,,,missing
300155,,,,missing
300157,,,,missing
300158,,,,missing
300159,,,,missing
300160,,,,missing
300161,,,,missing
300162,,,,missing
300163,,,,missing
300164,,,,missing
300165,,,,missing
300166,,,,missing
300167,,,,missing
300168,,,,missing
300169,,,,missing
300170,,,,missing
300171,,,,missing
300172,,,,missing
300173,,,,missing
300174,,,,missing
300175,,,,missing
300176,,,,missing
300177,,,,missing
300179,,,,missing
300180,,,,missing
300181,,,,missing
300182,,,,missing
300183,,,,missing
300184,,,,missing
300185,,,,missing
300187,,,,missing
300188,,,,missing
300189,,,,missing
300190,,,,missing
300191,,,,missing
300192,,,,missing
300193,,,,missing
300194,,,,missing
300195,,,,missing
300196,,,,missing
300197,,,,missing
300198,,,,missing
300199,,,,missing
300200,,,,missing
300201,,,,missing
300203,,,,missing
300204,,,,missing
300205,,,,missing
300206,,,,missing
300207,,,,missing
300209,,,,missing
300210,,,,missing
300211,,,,missing
300212,,,,missing
300213,,,,missing
300214,,,,missing
300215,,,,missing
300217,,,,missing
300218,,,,missing
300219,,,,missing
300220,,,,missing
300221,,,,missing
300222,,,,missing
300223,,,,missing
300224,,,,missing
300225,,,,missing
300226,,,,missing
300227,,,,missing
300228,,,,missing
300229,,,,missing
300230,,,,missing
300231,,,,missing
300232,,,,missing
300233,,,,missing
300234,,,,missing
300235,,,,missing
300236,,,,missing
300237,,,,missing
300238,,,,missing
300239,,,,missing
300240,,,,missing
300241,,,,missing
300242,,,,missing
300243,,,,missing
300244,,,,missing
300245,,,,missing
300246,,,,missing
300247,,,,missing
300248,,,,missing
300249,,,,missing
300250,,,,missing
300251,,,,missing
300252,,,,missing
300253,,,,missing
300254,,,,missing
300255,,,,missing
300256,,,,missing
300257,,,,missing
300258,,,,missing
300259,,,,missing
300260,,,,missing
300261,,,,missing
300263,,,,missing
300264,,,,missing
300265,,,,missing
300266,,,,missing
300267,,,,missing
300268,,,,missing
300269,,,,missing
300270,,,,missing
300271,,,,missing
300272,,,,missing
300274,,,,missing
300275,,,,missing
300276,,,,missing
300277,,,,missing
300278,,,,missing
300279,,,,missing
300281,,,,missing
300283,,,,missing
300284,,,,missing
300285,,,,missing
300286,,,,missing
300287,,,,missing
300288,,,,missing
300289,,,,missing
300290,,,,missing
300291,,,,missing
300292,,,,missing
300293,,,,missing
300294,,,,missing
300295,,,,missing
300296,,,,missing
300298,,,,missing
300299,,,,missing
300300,,,,missing
300301,,,,missing
300302,,,,missing
300303,,,,missing
300304,,,,missing
300305,,,,missing
300306,,,,missing
300307,,,,missing
300308,,,,missing
300310,,,,missing
300311,,,,missing
300313,,,,missing
300314,,,,missing
300315,,,,missing
300316,,,,missing
300317,,,,missing
300318,,,,missing
300319,,,,missing
300320,,,,missing
300321,,,,missing
300322,,,,missing
300323,,,,missing
300324,,,,missing
300326,,,,missing
300327,,,,missing
300328,,,,missing
300329,,,,missing
300331,,,,missing
300332,,,,missing
300333,,,,missing
300334,,,,missing
300335,,,,missing
300337,,,,missing
300338,,,,missing
300339,,,,missing
300340,,,,missing
300341,,,,missing
300342,,,,missing
300343,,,,missing
300345,,,,missing
300346,,,,missing
300347,,,,missing
300348,,,,missing
300349,,,,missing
300350,,,,missing
300351,,,,missing
300352,,,,missing
300353,,,,missing
300354,,,,missing
300355,,,,missing
300357,,,,missing
300358,,,,missing
300359,,,,missing
300360,,,,missing
300363,,,,missing
300364,,,,missing
300365,,,,missing
300366,,,,missing
300368,,,,missing
300369,,,,missing
300370,,,,missing
300371,,,,missing
300373,,,,missing
300374,,,,missing
300375,,,,missing
300376,,,,missing
300377,,,,missing
300378,,,,missing
300380,,,,missing
300381,,,,missing
300382,,,,missing
300383,,,,missing
300384,,,,missing
300385,,,,missing
300386,,,,missing
300387,,,,missing
300388,,,,missing
300389,,,,missing
300390,,,,missing
300393,,,,missing
300394,,,,missing
300395,,,,missing
300396,,,,missing
300397,,,,missing
300398,,,,missing
300399,,,,missing
300400,,,,missing
300401,,,,missing
300402,,,,missing
300403,,,,missing
300404,,,,missing
300405,,,,missing
300406,,,,missing
300407,,,,missing
300408,,,,missing
300409,,,,missing
300410,,,,missing
300411,,,,missing
300412,,,,missing
300413,,,,missing
300414,,,,missing
300415,,,,missing
300416,,,,missing
300417,,,,missing
300418,,,,missing
300419,,,,missing
300420,,,,missing
300421,,,,missing
300422,,,,missing
300423,,,,missing
300424,,,,missing
300425,,,,missing
300426,,,,missing
300427,,,,missing
300428,,,,missing
300429,,,,missing
300430,,,,missing
300432,,,,missing
300433,,,,missing
300434,,,,missing
300435,,,,missing
300436,,,,missing
300437,,,,missing
300438,,,,missing
300439,,,,missing
300440,,,,missing
300441,,,,missing
300442,,,,missing
300443,,,,missing
300444,,,,missing
300445,,,,missing
300446,,,,missing
300447,,,,missing
300448,,,,missing
300449,,,,missing
300450,,,,missing
300451,,,,missing
300452,,,,missing
300453,,,,missing
300454,,,,missing
300455,,,,missing
300456,,,,missing
300457,,,,missing
300458,,,,missing
300459,,,,missing
300460,,,,missing
300461,,,,missing
300462,,,,missing
300463,,,,missing
300464,,,,missing
300465,,,,missing
300466,,,,missing
300467,,,,missing
300468,,,,missing
300469,,,,missing
300470,,,,missing
300471,,,,missing
300472,,,,missing
300473,,,,missing
300474,,,,missing
300475,,,,missing
300476,,,,missing
300477,,,,missing
300478,,,,missing
300479,,,,missing
300480,,,,missing
300481,,,,missing
300482,,,,missing
300483,,,,missing
300484,,,,missing
300485,,,,missing
300486,,,,missing
300487,,,,missing
300488,,,,missing
300489,,,,missing
300490,,,,missing
300491,,,,missing
300492,,,,missing
300493,,,,missing
300494,,,,missing
300496,,,,missing
300497,,,,missing
300498,,,,missing
300499,,,,missing
300500,,,,missing
300501,,,,missing
300502,,,,missing
300503,,,,missing
300504,,,,missing
300505,,,,missing
300506,,,,missing
300507,,,,missing
300508,,,,missing
300509,,,,missing
300510,,,,missing
300511,,,,missing
300512,,,,missing
300513,,,,missing
300514,,,,missing
300515,,,,missing
300516,,,,missing
300517,,,,missing
300518,,,,missing
300519,,,,missing
300520,,,,missing
300521,,,,missing
300522,,,,missing
300523,,,,missing
300525,,,,missing
300527,,,,missing
300528,,,,missing
300529,,,,missing
300530,,,,missing
300531,,,,missing
300532,,,,missing
300533,,,,missing
300534,,,,missing
300535,,,,missing
300536,,,,missing
300537,,,,missing
300538,,,,missing
300539,,,,missing
300540,,,,missing
300541,,,,missing
300542,,,,missing
300543,,,,missing
300545,,,,missing
300546,,,,missing
300547,,,,missing
300548,,,,missing
300549,,,,missing
300550,,,,missing
300551,,,,missing
300552,,,,missing
300553,,,,missing
300554,,,,missing
300555,,,,missing
300556,,,,missing
300557,,,,missing
300558,,,,missing
300559,,,,missing
300560,,,,missing
300561,,,,missing
300562,,,,missing
300563,,,,missing
300564,,,,missing
300565,,,,missing
300566,,,,missing
300567,,,,missing
300568,,,,missing
300569,,,,missing
300570,,,,missing
300571,,,,missing
300572,,,,missing
300573,,,,missing
300575,,,,missing
300576,,,,missing
300577,,,,missing
300578,,,,missing
300579,,,,missing
300580,,,,missing
300581,,,,missing
300582,,,,missing
300583,,,,missing
300584,,,,missing
300585,,,,missing
300586,,,,missing
300587,,,,missing
300588,,,,missing
300589,,,,missing
300590,,,,missing
300591,,,,missing
300592,,,,missing
300593,,,,missing
300594,,,,missing
300595,,,,missing
300596,,,,missing
300597,,,,missing
300598,,,,missing
300599,,,,missing
300600,,,,missing
300601,,,,missing
300602,,,,missing
300603,,,,missing
300604,,,,missing
300605,,,,missing
300606,,,,missing
300607,,,,missing
300608,,,,missing
300609,,,,missing
300610,,,,missing
300611,,,,missing
300612,,,,missing
300613,,,,missing
300614,,,,missing
300615,,,,missing
300616,,,,missing
300617,,,,missing
300618,,,,missing
300619,,,,missing
300620,,,,missing
300621,,,,missing
300622,,,,missing
300623,,,,missing
300624,,,,missing
300625,,,,missing
300626,,,,missing
300627,,,,missing
300628,,,,missing
300629,,,,missing
300631,,,,missing
300632,,,,missing
300633,,,,missing
300634,,,,missing
300635,,,,missing
300636,,,,missing
300637,,,,missing
300638,,,,missing
300639,,,,missing
300640,,,,missing
300641,,,,missing
300642,,,,missing
300643,,,,missing
300644,,,,missing
300645,,,,missing
300647,,,,missing
300648,,,,missing
300649,,,,missing
300650,,,,missing
300651,,,,missing
300652,,,,missing
300653,,,,missing
300654,,,,missing
300655,,,,missing
300656,,,,missing
300657,,,,missing
300658,,,,missing
300659,,,,missing
300660,,,,missing
300661,,,,missing
300662,,,,missing
300663,,,,missing
300664,,,,missing
300665,,,,missing
300666,,,,missing
300667,,,,missing
300668,,,,missing
300669,,,,missing
300670,,,,missing
300671,,,,missing
300672,,,,missing
300673,,,,missing
300674,,,,missing
300675,,,,missing
300676,,,,missing
300677,,,,missing
300678,,,,missing
300679,,,,missing
300680,,,,missing
300681,,,,missing
300682,,,,missing
300683,,,,missing
300684,,,,missing
300685,,,,missing
300686,,,,missing
300687,,,,missing
300688,,,,missing
300689,,,,missing
300690,,,,missing
300691,,,,missing
300692,,,,missing
300693,,,,missing
300694,,,,missing
300695,,,,missing
300696,,,,missing
300697,,,,missing
300698,,,,missing
300699,,,,missing
300700,,,,missing
300701,,,,missing
300702,,,,missing
300703,,,,missing
300705,,,,missing
300706,,,,missing
300707,,,,missing
300708,,,,missing
300709,,,,missing
300710,,,,missing
300711,,,,missing
300712,,,,missing
300713,,,,missing
300715,,,,missing
300716,,,,missing
300717,,,,missing
300718,,,,missing
300719,,,,missing
300720,,,,missing
300721,,,,missing
300722,,,,missing
300723,,,,missing
300724,,,,missing
300725,,,,missing
300726,,,,missing
300727,,,,missing
300729,,,,missing
300730,,,,missing
300731,,,,missing
300732,,,,missing
300733,,,,missing
300735,,,,missing
300736,,,,missing
300737,,,,missing
300738,,,,missing
300739,,,,missing
300740,,,,missing
300741,,,,missing
300743,,,,missing
300745,,,,missing
300746,,,,missing
300747,,,,missing
300748,,,,missing
300749,,,,missing
300750,,,,missing
300751,,,,missing
300752,,,,missing
300753,,,,missing
300755,,,,missing
300756,,,,missing
300757,,,,missing
300758,,,,missing
300759,,,,missing
300760,,,,missing
300761,,,,missing
300762,,,,missing
300763,,,,missing
300765,,,,missing
300766,,,,missing
300767,,,,missing
300768,,,,missing
300769,,,,missing
300770,,,,missing
300771,,,,missing
300772,,,,missing
300773,,,,missing
300774,,,,missing
300775,,,,missing
300776,,,,missing
300777,,,,missing
300778,,,,missing
300779,,,,missing
300780,,,,missing
300781,,,,missing
300782,,,,missing
300783,,,,missing
300784,,,,missing
300785,,,,missing
300786,,,,missing
300787,,,,missing
300788,,,,missing
300789,,,,missing
300790,,,,missing
300791,,,,missing
300792,,,,missing
300793,,,,missing
300795,,,,missing
300796,,,,missing
300797,,,,missing
300798,,,,missing
300800,,,,missing
300801,,,,missing
300802,,,,missing
300803,,,,missing
300804,,,,missing
300805,,,,missing
300806,,,,missing
300807,,,,missing
300808,,,,missing
300809,,,,missing
300810,,,,missing
300811,,,,missing
300812,,,,missing
300813,,,,missing
300814,,,,missing
300815,,,,missing
300816,,,,missing
300817,,,,missing
300818,,,,missing
300819,,,,missing
300820,,,,missing
300821,,,,missing
300822,,,,missing
300823,,,,missing
300824,,,,missing
300825,,,,missing
300826,,,,missing
300827,,,,missing
300828,,,,missing
300829,,,,missing
300830,,,,missing
300831,,,,missing
300832,,,,missing
300833,,,,missing
300834,,,,missing
300835,,,,missing
300836,,,,missing
300837,,,,missing
300838,,,,missing
300839,,,,missing
300840,,,,missing
300841,,,,missing
300842,,,,missing
300843,,,,missing
300844,,,,missing
300845,,,,missing
300846,,,,missing
300847,,,,missing
300848,,,,missing
300849,,,,missing
300850,,,,missing
300851,,,,missing
300852,,,,missing
300853,,,,missing
300854,,,,missing
300855,,,,missing
300856,,,,missing
300857,,,,missing
300858,,,,missing
300859,,,,missing
300860,,,,missing
300861,,,,missing
300862,,,,missing
300863,,,,missing
300864,,,,missing
300865,,,,missing
300866,,,,missing
300867,,,,missing
300868,,,,missing
300869,,,,missing
300870,,,,missing
300871,,,,missing
300872,,,,missing
300873,,,,missing
300875,,,,missing
300876,,,,missing
300877,,,,missing
300878,,,,missing
300879,,,,missing
300880,,,,missing
300881,,,,missing
300882,,,,missing
300883,,,,missing
300884,,,,missing
300885,,,,missing
300886,,,,missing
300887,,,,missing
300888,,,,missing
300889,,,,missing
300890,,,,missing
300891,,,,missing
300892,,,,missing
300893,,,,missing
300894,,,,missing
300895,,,,missing
300896,,,,missing
300897,,,,missing
300898,,,,missing
300899,,,,missing
300900,,,,missing
300901,,,,missing
300902,,,,missing
300903,,,,missing
300904,,,,missing
300905,,,,missing
300906,,,,missing
300907,,,,missing
300908,,,,missing
300909,,,,missing
300910,,,,missing
300911,,,,missing
300912,,,,missing
300913,,,,missing
300915,,,,missing
300916,,,,missing
300917,,,,missing
300918,,,,missing
300919,,,,missing
300920,,,,missing
300921,,,,missing
300922,,,,missing
300923,,,,missing
300925,,,,missing
300926,,,,missing
300927,,,,missing
300928,,,,missing
300929,,,,missing
300930,,,,missing
300931,,,,missing
300932,,,,missing
300933,,,,missing
300935,,,,missing
300936,,,,missing
300937,,,,missing
300938,,,,missing
300939,,,,missing
300940,,,,missing
300941,,,,missing
300942,,,,missing
300943,,,,missing
300945,,,,missing
300946,,,,missing
300947,,,,missing
300948,,,,missing
300949,,,,missing
300950,,,,missing
300951,,,,missing
300952,,,,missing
300953,,,,missing
300955,,,,missing
300956,,,,missing
300957,,,,missing
300958,,,,missing
300959,,,,missing
300960,,,,missing
300961,,,,missing
300962,,,,missing
300963,,,,missing
300964,,,,missing
300965,,,,missing
300966,,,,missing
300967,,,,missing
300968,,,,missing
300969,,,,missing
300970,,,,missing
300971,,,,missing
300972,,,,missing
300973,,,,missing
300975,,,,missing
300976,,,,missing
300977,,,,missing
300978,,,,missing
300979,,,,missing
300980,,,,missing
300981,,,,missing
300982,,,,missing
300983,,,,missing
300984,,,,missing
300985,,,,missing
300986,,,,missing
300987,,,,missing
300988,,,,missing
300989,,,,missing
300990,,,,missing
300991,,,,missing
300992,,,,missing
300993,,,,missing
300994,,,,missing
300995,,,,missing
300996,,,,missing
300997,,,,missing
300998,,,,missing
300999,,,,missing
301000,,,,missing
301001,,,,missing
301002,,,,missing
301003,,,,missing
301004,,,,missing
301005,,,,missing
301006,,,,missing
301007,,,,missing
301008,,,,missing
301009,,,,missing
301010,,,,missing
301011,,,,missing
301012,,,,missing
301013,,,,missing
301015,,,,missing
301016,,,,missing
301017,,,,missing
301018,,,,missing
301019,,,,missing
301020,,,,missing
301021,,,,missing
301022,,,,missing
301023,,,,missing
301024,,,,missing
301025,,,,missing
301026,,,,missing
301027,,,,missing
301028,,,,missing
301029,,,,missing
301030,,,,missing
301031,,,,missing
301032,,,,missing
301033,,,,missing
301035,,,,missing
301036,,,,missing
301037,,,,missing
301038,,,,missing
301039,,,,missing
301040,,,,missing
301041,,,,missing
301042,,,,missing
301043,,,,missing
301045,,,,missing
301046,,,,missing
301047,,,,missing
301048,,,,missing
301049,,,,missing
301050,,,,missing
301051,,,,missing
301052,,,,missing
301053,,,,missing
301055,,,,missing
301056,,,,missing
301057,,,,missing
301058,,,,missing
301059,,,,missing
301060,,,,missing
301061,,,,missing
301062,,,,missing
301063,,,,missing
301065,,,,missing
301066,,,,missing
301067,,,,missing
301068,,,,missing
301069,,,,missing
301070,,,,missing
301071,,,,missing
301072,,,,missing
301073,,,,missing
301075,,,,missing
301076,,,,missing
301077,,,,missing
301078,,,,missing
301079,,,,missing
301080,,,,missing
301081,,,,missing
301082,,,,missing
301083,,,,missing
301085,,,,missing
301086,,,,missing
301087,,,,missing
301088,,,,missing
301089,,,,missing
301090,,,,missing
301091,,,,missing
301092,,,,missing
301093,,,,missing
301095,,,,missing
301096,,,,missing
301097,,,,missing
301098,,,,missing
301099,,,,missing
301100,,,,missing
301101,,,,missing
301102,,,,missing
301103,,,,missing
301105,,,,missing
301106,,,,missing
301107,,,,missing
301108,,,,missing
301109,,,,missing
301110,,,,missing
301111,,,,missing
301112,,,,missing
301113,,,,missing
301115,,,,missing
301116,,,,missing
301117,,,,missing
301118,,,,missing
301119,,,,missing
301120,,,,missing
301121,,,,missing
301122,,,,missing
301123,,,,missing
301125,,,,missing
301126,,,,missing
301127,,,,missing
301128,,,,missing
301129,,,,missing
301130,,,,missing
301131,,,,missing
301132,,,,missing
301133,,,,missing
301135,,,,missing
301136,,,,missing
301137,,,,missing
301138,,,,missing
301139,,,,missing
301141,,,,missing
301148,,,,missing
301149,,,,missing
301150,,,,missing
301151,,,,missing
301152,,,,missing
301153,,,,missing
301155,,,,missing
301156,,,,missing
301157,,,,missing
301158,,,,missing
301159,,,,missing
301160,,,,missing
301161,,,,missing
301162,,,,missing
301163,,,,missing
301165,,,,missing
301166,,,,missing
301167,,,,missing
301168,,,,missing
301169,,,,missing
301170,,,,missing
301171,,,,missing
301172,,,,missing
301173,,,,missing
301175,,,,missing
301176,,,,missing
301177,,,,missing
301178,,,,missing
301179,,,,missing
301180,,,,missing
301181,,,,missing
301182,,,,missing
301183,,,,missing
301185,,,,missing
301186,,,,missing
301187,,,,missing
301188,,,,missing
301189,,,,missing
301190,,,,missing
301191,,,,missing
301192,,,,missing
301193,,,,missing
301195,,,,missing
301196,,,,missing
301197,,,,missing
301198,,,,missing
301199,,,,missing
301200,,,,missing
301201,,,,missing
301202,,,,missing
301203,,,,missing
301205,,,,missing
301206,,,,missing
301207,,,,missing
301208,,,,missing
301209,,,,missing
301210,,,,missing
301211,,,,missing
301212,,,,missing
301213,,,,missing
301215,,,,missing
301216,,,,missing
301217,,,,missing
301218,,,,missing
301219,,,,missing
301220,,,,missing
301221,,,,missing
301222,,,,missing
301223,,,,missing
301225,,,,missing
301226,,,,missing
301227,,,,missing
301228,,,,missing
301229,,,,missing
301230,,,,missing
301231,,,,missing
301232,,,,missing
301233,,,,missing
301234,,,,missing
301235,,,,missing
301236,,,,missing
301237,,,,missing
301238,,,,missing
301239,,,,missing
301246,,,,missing
301248,,,,missing
301251,,,,missing
301252,,,,missing
301255,,,,missing
301256,,,,missing
301257,,,,missing
301258,,,,missing
301259,,,,missing
301260,,,,missing
301261,,,,missing
301262,,,,missing
301263,,,,missing
301265,,,,missing
301266,,,,missing
301267,,,,missing
301268,,,,missing
301269,,,,missing
301270,,,,missing
301272,,,,missing
301273,,,,missing
301275,,,,missing
301276,,,,missing
301277,,,,missing
301278,,,,missing
301279,,,,missing
301280,,,,missing
301281,,,,missing
301282,,,,missing
301283,,,,missing
301285,,,,missing
301286,,,,missing
301287,,,,missing
301288,,,,missing
301289,,,,missing
301290,,,,missing
301291,,,,missing
301292,,,,missing
301293,,,,missing
301295,,,,missing
301296,,,,missing
301297,,,,missing
301298,,,,missing
301299,,,,missing
301300,,,,missing
301301,,,,missing
301302,,,,missing
301303,,,,missing
301305,,,,missing
301306,,,,missing
301307,,,,missing
301308,,,,missing
301309,,,,missing
301310,,,,missing
301311,,,,missing
301312,,,,missing
301313,,,,missing
301314,,,,missing
301315,,,,missing
301316,,,,missing
301317,,,,missing
301318,,,,missing
301319,,,,missing
301320,,,,missing
301321,,,,missing
301322,,,,missing
301323,,,,missing
301325,,,,missing
301326,,,,missing
301327,,,,missing
301328,,,,missing
301329,,,,missing
301330,,,,missing
301331,,,,missing
301332,,,,missing
301333,,,,missing
301335,,,,missing
301336,,,,missing
301337,,,,missing
301338,,,,missing
301339,,,,missing
301345,,,,missing
301348,,,,missing
301349,,,,missing
301353,,,,missing
301355,,,,missing
301356,,,,missing
301357,,,,missing
301358,,,,missing
301359,,,,missing
301360,,,,missing
301361,,,,missing
301362,,,,missing
301363,,,,missing
301365,,,,missing
301366,,,,missing
301367,,,,missing
301368,,,,missing
301369,,,,missing
301370,,,,missing
301371,,,,missing
301372,,,,missing
301373,,,,missing
301376,,,,missing
301377,,,,missing
301378,,,,missing
301379,,,,missing
301380,,,,missing
301381,,,,missing
301382,,,,missing
301383,,,,missing
301386,,,,missing
301387,,,,missing
301388,,,,missing
301389,,,,missing
301390,,,,missing
301391,,,,missing
301392,,,,missing
301393,,,,missing
301395,,,,missing
301396,,,,missing
301397,,,,missing
301398,,,,missing
301399,,,,missing
301408,,,,missing
301413,,,,missing
301418,,,,missing
301419,,,,missing
301421,,,,missing
301428,,,,missing
301429,,,,missing
301439,,,,missing
301446,,,,missing
301448,,,,missing
301449,,,,missing
301456,,,,missing
301458,,,,missing
301459,,,,missing
301468,,,,missing
301469,,,,missing
301479,,,,missing
301486,,,,missing
301487,,,,missing
301488,,,,missing
301489,,,,missing
301491,,,,missing
301498,,,,missing
301499,,,,missing
301500,,,,missing
301501,,,,missing
301502,,,,missing
301503,,,,missing
301505,,,,missing
301507,,,,missing
301508,,,,missing
301509,,,,missing
301510,,,,missing
301511,,,,missing
301512,,,,missing
301513,,,,missing
301515,,,,missing
301516,,,,missing
301517,,,,missing
301518,,,,missing
301519,,,,missing
301520,,,,missing
301522,,,,missing
301525,,,,missing
301526,,,,missing
301528,,,,missing
301529,,,,missing
301531,,,,missing
301533,,,,missing
301535,,,,missing
301536,,,,missing
301538,,,,missing
301539,,,,missing
301548,,,,missing
301550,,,,missing
301551,,,,missing
301552,,,,missing
301555,,,,missing
301556,,,,missing
301557,,,,missing
301558,,,,missing
301559,,,,missing
301560,,,,missing
301563,,,,missing
301565,,,,missing
301566,,,,missing
301567,,,,missing
301568,,,,missing
301571,,,,missing
301575,,,,missing
301577,,,,missing
301578,,,,missing
301580,,,,missing
301581,,,,missing
301583,,,,missing
301584,,,,missing
301585,,,,missing
301586,,,,missing
301587,,,,missing
301588,,,,missing
301589,,,,missing
301590,,,,missing
301591,,,,missing
301592,,,,missing
301595,,,,missing
301596,,,,missing
301598,,,,missing
301599,,,,missing
301600,,,,missing
301601,,,,missing
301602,,,,missing
301603,,,,missing
301606,,,,missing
301607,,,,missing
301608,,,,missing
301609,,,,missing
301611,,,,missing
301613,,,,missing
301616,,,,missing
301617,,,,missing
301618,,,,missing
301622,,,,missing
301626,,,,missing
301628,,,,missing
301629,,,,missing
301630,,,,missing
301631,,,,missing
301632,,,,missing
301633,,,,missing
301636,,,,missing
301638,,,,missing
301656,,,,missing
301658,,,,missing
301662,,,,missing
301665,,,,missing
301666,,,,missing
301667,,,,missing
301668,,,,missing
301669,,,,missing
301677,,,,missing
301678,,,,missing
301680,,,,missing
301682,,,,missing
301683,,,,missing
301687,,,,missing
301696,,,,missing
302132,,,,missing
600000,银行,,大金融,verified
600004,,,,missing
600006,,,,missing
600007,,,,missing
600008,,,,missing
600009,,,,missing
600010,,,,missing
600011,,,,missing
600012,,,,missing
600015,银行,,大金融,verified
600016,银行,,大金融,verified
600017,,,,missing
600018,,,,missing
600019,,,,missing
600020,,,,missing
600021,,,,missing
600022,,,,missing
600023,,,,missing
600025,,,,missing
600026,,,,missing
600027,,,,missing
600028,,,,missing
600029,,,,missing
600030,,,,missing
600031,,,,missing
600032,,,,missing
600033,,,,missing
600035,,,,missing
600036,银行,,大金融,verified
600037,,,,missing
600038,,,,missing
600039,,,,missing
600048,,,,missing
600050,,,,missing
600051,,,,missing
600052,,,,missing
600053,,,,missing
600054,,,,missing
600055,,,,missing
600056,,,,missing
600057,,,,missing
600058,,,,missing
600059,,,,missing
600060,,,,missing
600061,,,,missing
600062,,,,missing
600063,,,,missing
600064,,,,missing
600066,,,,missing
600067,,,,missing
600071,,,,missing
600072,,,,missing
600073,,,,missing
600075,,,,missing
600076,,,,missing
600078,,,,missing
600079,,,,missing
600080,,,,missing
600081,,,,missing
600082,,,,missing
600084,,,,missing
600085,,,,missing
600088,,,,missing
600089,,,,missing
600094,,,,missing
600095,,,,missing
600096,,,,missing
600097,农林牧渔,渔业,必选消费,verified
600098,,,,missing
600099,,,,missing
600100,,,,missing
600101,,,,missing
600103,,,,missing
600104,,,,missing
600105,,,,missing
600106,,,,missing
600107,,,,missing
600108,,,,missing
600109,,,,missing
600110,,,,missing
600111,,,,missing
600113,,,,missing
600114,,,,missing
600115,,,,missing
600116,,,,missing
600117,,,,missing
600118,,,,missing
600119,,,,missing
600120,,,,missing
600121,,,,missing
600123,,,,missing
600125,,,,missing
600126,,,,missing
600127,,,,missing
600128,,,,missing
600129,,,,missing
600130,,,,missing
600131,,,,missing
600132,,,,missing
600133,,,,missing
600135,,,,missing
600136,,,,missing
600137,,,,missing
600138,,,,missing
600141,,,,missing
600143,,,,missing
600148,,,,missing
600149,,,,missing
600150,,,,missing
600151,,,,missing
600152,,,,missing
600153,,,,missing
600155,,,,missing
600156,,,,missing
600157,,,,missing
600158,,,,missing
600159,,,,missing
600160,,,,missing
600161,,,,missing
600162,,,,missing
600163,,,,missing
600165,,,,missing
600166,,,,missing
600167,,,,missing
600168,,,,missing
600169,,,,missing
600170,,,,missing
600171,,,,missing
600172,,,,missing
600173,,,,missing
600176,,,,missing
600177,,,,missing
600178,,,,missing
600179,,,,missing
600180,,,,missing
600182,,,,missing
600183,,,,missing
600184,,,,missing
600185,,,,missing
600186,,,,missing
600187,,,,missing
600188,,,,missing
600189,,,,missing
600191,,,,missing
600192,,,,missing
600195,,,,missing
600196,,,,missing
600197,,,,missing
600198,,,,missing
600199,,,,missing
600201,,,,missing
600202,,,,missing
600203,,,,missing
600206,,,,missing
600207,,,,missing
600208,,,,missing
600210,,,,missing
600211,,,,missing
600212,,,,missing
600215,,,,missing
600216,,,,missing
600217,,,,missing
600218,,,,missing
600219,,,,missing
600221,,,,missing
600222,,,,missing
600223,,,,missing
600226,,,,missing
600227,,,,missing
600228,,,,missing
600229,,,,missing
600230,,,,missing
600231,,,,missing
600232,,,,missing
600233,,,,missing
600234,,,,missing
600235,,,,missing
600236,,,,missing
600237,,,,missing
600238,,,,missing
600239,,,,missing
600241,,,,missing
600243,,,,missing
600246,,,,missing
600248,,,,missing
600249,,,,missing
600250,,,,missing
600251,,,,missing
600252,,,,missing
600255,,,,missing
600256,,,,missing
600257,,,,missing
600258,,,,missing
600259,,,,missing
600261,,,,missing
600262,,,,missing
600265,,,,missing
600266,,,,missing
600267,,,,missing
600268,,,,missing
600269,,,,missing
600271,,,,missing
600272,,,,missing
600273,,,,missing
600276,,,,missing
600278,,,,missing
600279,,,,missing
600280,,,,missing
600281,,,,missing
600282,,,,missing
600283,,,,missing
600284,,,,missing
600285,,,,missing
600287,,,,missing
600288,,,,missing
600289,,,,missing
600292,,,,missing
600293,,,,missing
600295,,,,missing
600298,,,,missing
600299,,,,missing
600300,,,,missing
600301,,,,missing
600302,,,,missing
600303,,,,missing
600305,,,,missing
600307,,,,missing
600308,,,,missing
600309,,,,missing
600310,,,,missing
600312,,,,missing
600313,,,,missing
600315,,,,missing
600316,,,,missing
600318,,,,missing
600319,,,,missing
600320,,,,missing
600322,,,,missing
600323,,,,missing
600325,,,,missing
600326,,,,missing
600327,,,,missing
600328,,,,missing
600329,,,,missing
600330,,,,missing
600331,,,,missing
600332,,,,missing
600333,,,,missing
600335,,,,missing
600336,,,,missing
600337,,,,missing
600338,,,,missing
600339,,,,missing
600340,,,,missing
600343,,,,missing
600345,,,,missing
600346,,,,missing
600348,,,,missing
600350,,,,missing
600351,,,,missing
600352,,,,missing
600353,,,,missing
600354,,,,missing
600356,,,,missing
600358,,,,missing
600359,,,,missing
600360,,,,missing
600361,,,,missing
600362,,,,missing
600363,,,,missing
600365,,,,missing
600366,,,,missing
600367,,,,missing
600368,,,,missing
600369,,,,missing
600370,,,,missing
600371,,,,missing
600372,,,,missing
600373,,,,missing
600375,,,,missing
600376,,,,missing
600377,,,,missing
600378,,,,missing
600379,,,,missing
600380,,,,missing
600381,,,,missing
600382,,,,missing
600383,,,,missing
600386,,,,missing
600388,,,,missing
600389,,,,missing
600390,,,,missing
600391,,,,missing
600392,,,,missing
600395,,,,missing
600396,,,,missing
600397,,,,missing
600398,,,,missing
600399,,,,missing
600400,,,,missing
600403,,,,missing
600405,,,,missing
600406,,,,missing
600408,,,,missing
600409,,,,missing
600410,,,,missing
600415,,,,missing
600416,,,,missing
600418,,,,missing
600419,,,,missing
600420,,,,missing
600422,,,,missing
600423,,,,missing
600425,,,,missing
600426,,,,missing
600428,,,,missing
600429,,,,missing
600433,,,,missing
600435,,,,missing
600436,,,,missing
600438,,,,missing
600439,,,,missing
600444,,,,missing
600446,,,,missing
600448,,,,missing
600449,,,,missing
600452,,,,missing
600455,,,,missing
600456,,,,missing
600458,,,,missing
600459,,,,missing
600460,,,,missing
600461,,,,missing
600463,,,,missing
600467,,,,missing
600468,,,,missing
600469,,,,missing
600470,,,,missing
600475,,,,missing
600476,,,,missing
600477,,,,missing
600478,,,,missing
600479,,,,missing
600480,,,,missing
600481,,,,missing
600482,,,,missing
600483,,,,missing
600486,,,,missing
600487,,,,missing
600488,,,,missing
600489,,,,missing
600490,,,,missing
600491,,,,missing
600493,,,,missing
600495,,,,missing
600496,,,,missing
600497,,,,missing
600498,,,,missing
600499,,,,missing
600500,,,,missing
600501,,,,missing
600502,,,,missing
600503,,,,missing
600505,,,,missing
600506,,,,missing
600507,,,,missing
600508,,,,missing
600509,,,,missing
600510,,,,missing
600511,,,,missing
600512,,,,missing
600513,,,,missing
600515,,,,missing
600516,,,,missing
600517,,,,missing
600518,,,,missing
600519,食品饮料,白酒Ⅱ,必选消费,verified
600520,,,,missing
600521,,,,missing
600522,,,,missing
600523,,,,missing
600525,,,,missing
600526,,,,missing
600527,,,,missing
600528,,,,missing
600529,,,,missing
600530,,,,missing
600531,,,,missing
600533,,,,missing
600535,,,,missing
600536,,,,missing
600537,,,,missing
600538,,,,missing
600539,,,,missing
600540,,,,missing
600543,,,,missing
600545,,,,missing
600546,,,,missing
600547,,,,missing
600548,,,,missing
600549,,,,missing
600550,,,,missing
600551,,,,missing
600552,,,,missing
600556,,,,missing
600557,,,,missing
600558,,,,missing
600559,,,,missing
600560,,,,missing
600561,,,,missing
600562,,,,missing
600563,,,,missing
600566,,,,missing
600567,,,,missing
600568,,,,missing
600569,,,,missing
600570,,,,missing
600571,,,,missing
600572,,,,missing
600573,,,,missing
600575,,,,missing
600576,,,,missing
600577,,,,missing
600578,,,,missing
600579,,,,missing
600580,,,,missing
600581,,,,missing
600582,,,,missing
600583,,,,missing
600584,,,,missing
600585,,,,missing
600586,,,,missing
600587,,,,missing
600588,,,,missing
600589,,,,missing
600590,,,,missing
600592,,,,missing
600593,,,,missing
600594,,,,missing
600595,,,,missing
600596,,,,missing
600597,,,,missing
600598,,,,missing
600600,,,,missing
600601,,,,missing
600602,,,,missing
600603,,,,missing
600604,,,,missing
600605,,,,missing
600606,,,,missing
600609,,,,missing
600610,,,,missing
600611,,,,missing
600612,,,,missing
600613,,,,missing
600615,,,,missing
600616,,,,missing
600617,,,,missing
600618,,,,missing
600619,,,,missing
600620,,,,missing
600621,,,,missing
600622,,,,missing
600623,,,,missing
600624,,,,missing
600626,,,,missing
600628,,,,missing
600629,,,,missing
600630,,,,missing
600633,,,,missing
600635,,,,missing
600637,,,,missing
600638,,,,missing
600639,,,,missing
600640,,,,missing
600641,,,,missing
600642,,,,missing
600643,,,,missing
600644,,,,missing
600645,,,,missing
600648,,,,missing
600649,,,,missing
600650,,,,missing
600651,,,,missing
600653,,,,missing
600654,,,,missing
600655,,,,missing
600657,,,,missing
600658,,,,missing
600660,,,,missing
600661,,,,missing
600662,,,,missing
600663,,,,missing
600664,,,,missing
600665,,,,missing
600666,,,,missing
600667,,,,missing
600668,,,,missing
600671,,,,missing
600673,,,,missing
600674,,,,missing
600675,,,,missing
600676,,,,missing
600678,,,,missing
600679,,,,missing
600681,,,,missing
600682,,,,missing
600683,,,,missing
600684,,,,missing
600685,,,,missing
600686,,,,missing
600688,,,,missing
600689,,,,missing
600690,,,,missing
600691,,,,missing
600692,,,,missing
600693,,,,missing
600694,,,,missing
600697,,,,missing
600698,,,,missing
600699,,,,missing
600702,,,,missing
600703,,,,missing
600704,,,,missing
600706,,,,missing
600707,,,,missing
600708,,,,missing
600710,,,,missing
600711,,,,missing
600712,,,,missing
600713,,,,missing
600714,,,,missing
600715,,,,missing
600716,,,,missing
600717,,,,missing
600718,,,,missing
600719,,,,missing
600720,,,,missing
600721,,,,missing
600722,,,,missing
600724,,,,missing
600725,,,,missing
600726,,,,missing
600727,,,,missing
600728,,,,missing
600729,,,,missing
600730,,,,missing
600731,,,,missing
600732,,,,missing
600733,,,,missing
600734,,,,missing
600735,,,,missing
600736,,,,missing
600737,,,,missing
600738,,,,missing
600739,,,,missing
600740,,,,missing
600741,,,,missing
600742,,,,missing
600743,,,,missing
600744,,,,missing
600745,,,,missing
600746,,,,missing
600748,,,,missing
600749,,,,missing
600750,,,,missing
600751,,,,missing
600753,,,,missing
600754,,,,missing
600755,,,,missing
600756,,,,missing
600757,,,,missing
600758,,,,missing
600759,,,,missing
600760,,,,missing
600761,,,,missing
600763,,,,missing
600764,,,,missing
600765,,,,missing
600768,,,,missing
600769,,,,missing
600770,,,,missing
600771,,,,missing
600773,,,,missing
600774,,,,missing
600775,,,,missing
600776,,,,missing
600777,,,,missing
600778,,,,missing
600779,,,,missing
600780,,,,missing
600782,,,,missing
600783,,,,missing
600784,,,,missing
600785,,,,missing
600787,,,,missing
600789,,,,missing
600790,,,,missing
600791,,,,missing
600792,,,,missing
600793,,,,missing
600794,,,,missing
600795,,,,missing
600796,,,,missing
600797,,,,missing
600798,,,,missing
600800,,,,missing
600801,,,,missing
600802,,,,missing
600803,,,,missing
600805,,,,missing
600807,,,,missing
600808,,,,missing
600809,,,,missing
600810,,,,missing
600812,,,,missing
600814,,,,missing
600815,,,,missing
600816,,,,missing
600817,,,,missing
600818,,,,missing
600819,,,,missing
600820,,,,missing
600821,,,,missing
600822,,,,missing
600824,,,,missing
600825,,,,missing
600826,,,,missing
600827,,,,missing
600828,,,,missing
600829,,,,missing
600830,,,,missing
600831,,,,missing
600833,,,,missing
600834,,,,missing
600835,,,,missing
600838,,,,missing
600839,,,,missing
600841,,,,missing
600843,,,,missing
600844,,,,missing
600845,,,,missing
600846,,,,missing
600847,,,,missing
600848,,,,missing
600850,,,,missing
600851,,,,missing
600853,,,,missing
600854,,,,missing
600855,,,,missing
600857,,,,missing
600858,,,,missing
600859,,,,missing
600860,,,,missing
600861,,,,missing
600862,,,,missing
600863,,,,missing
600864,,,,missing
600865,,,,missing
600866,,,,missing
600867,,,,missing
600868,,,,missing
600869,,,,missing
600871,,,,missing
600872,,,,missing
600873,,,,missing
600874,,,,missing
600875,,,,missing
600876,,,,missing
600877,,,,missing
600879,,,,missing
600880,,,,missing
600881,,,,missing
600882,,,,missing
600883,,,,missing
600884,,,,missing
600885,,,,missing
600886,,,,missing
600887,,,,missing
600888,,,,missing
600889,,,,missing
600892,,,,missing
600893,,,,missing
600894,,,,missing
600895,,,,missing
600897,,,,missing
600900,,,,missing
600901,,,,missing
600903,,,,missing
600905,,,,missing
600906,,,,missing
600908,,,,missing
600909,,,,missing
600916,,,,missing
600917,,,,missing
600918,,,,missing
600919,,,,missing
600925,,,,missing
600926,,,,missing
600927,,,,missing
600928,,,,missing
600929,,,,missing
600930,,,,missing
600933,,,,missing
600935,,,,missing
600936,,,,missing
600938,,,,missing
600939,,,,missing
600941,,,,missing
600955,,,,missing
600956,,,,missing
600958,,,,missing
600959,,,,missing
600960,,,,missing
600961,,,,missing
600962,,,,missing
600963,,,,missing
600965,,,,missing
600966,,,,missing
600967,,,,missing
600968,,,,missing
600969,,,,missing
600970,,,,missing
600971,,,,missing
600973,,,,missing
600975,,,,missing
600976,,,,missing
600977,,,,missing
600979,,,,missing
600980,,,,missing
600981,,,,missing
600982,,,,missing
600983,,,,missing
600984,,,,missing
600985,,,,missing
600986,,,,missing
600987,,,,missing
600988,,,,missing
600989,,,,missing
600990,,,,missing
600992,,,,missing
600993,,,,missing
600995,,,,missing
600996,,,,missing
600997,,,,missing
600998,,,,missing
600999,,,,missing
601000,,,,missing
601001,,,,missing
601002,,,,missing
601003,,,,missing
601005,,,,missing
601006,,,,missing
601007,,,,missing
601008,,,,missing
601009,银行,,大金融,verified
601010,,,,missing
601011,,,,missing
601012,,,,missing
601015,,,,missing
601016,,,,missing
601018,,,,missing
601019,,,,missing
601020,,,,missing
601021,,,,missing
601022,,,,missing
601026,,,,missing
601033,,,,missing
601038,,,,missing
601058,,,,missing
601059,,,,missing
601061,,,,missing
601065,,,,missing
601066,,,,missing
601068,,,,missing
601069,,,,missing
601077,,,,missing
601083,,,,missing
601086,,,,missing
601088,,,,missing
601089,,,,missing
601096,,,,missing
601098,,,,missing
601099,,,,missing
601100,,,,missing
601101,,,,missing
601106,,,,missing
601107,,,,missing
601108,,,,missing
601111,,,,missing
601112,,,,missing
601113,,,,missing
601116,,,,missing
601117,,,,missing
601118,,,,missing
601121,,,,missing
601126,,,,missing
601127,,,,missing
601128,,,,missing
601133,,,,missing
601136,,,,missing
601137,,,,missing
601138,,,,missing
601139,,,,missing
601155,,,,missing
601156,,,,missing
601158,,,,missing
601162,,,,missing
601163,,,,missing
601166,银行,,大金融,verified
601168,,,,missing
601169,银行,,大金融,verified
601177,,,,missing
601179,,,,missing
601186,,,,missing
601187,,,,missing
601188,,,,missing
601198,,,,missing
601199,,,,missing
601200,,,,missing
601208,,,,missing
601211,,,,missing
601212,,,,missing
601216,,,,missing
601218,,,,missing
601222,,,,missing
601225,,,,missing
601226,,,,missing
601228,,,,missing
601229,,,,missing
601231,,,,missing
601233,,,,missing
601236,,,,missing
601238,,,,missing
601279,,,,missing
601288,银行,,大金融,verified
601298,,,,missing
601311,,,,missing
601318,,,,missing
601319,,,,missing
601326,,,,missing
601328,银行,,大金融,verified
601330,,,,missing
601333,,,,missing
601336,,,,missing
601339,,,,missing
601360,,,,missing
601366,,,,missing
601368,,,,missing
601369,,,,missing
601375,,,,missing
601377,,,,missing
601388,,,,missing
601390,,,,missing
601398,银行,,大金融,verified
601399,,,,missing
601456,,,,missing
601500,,,,missing
601512,,,,missing
601515,,,,missing
601518,,,,missing
601519,,,,missing
601528,,,,missing
601555,,,,missing
601566,,,,missing
601567,,,,missing
601568,,,,missing
601577,,,,missing
601579,,,,missing
601588,,,,missing
601595,,,,missing
601598,,,,missing
601599,,,,missing
601600,,,,missing
601601,,,,missing
601606,,,,missing
601607,,,,missing
601608,,,,missing
601609,,,,missing
601611,,,,missing
601615,,,,missing
601616,,,,missing
601618,,,,missing
601619,,,,missing
601628,,,,missing
601633,,,,missing
601636,,,,missing
601658,,,,missing
601665,,,,missing
601666,,,,missing
601668,,,,missing
601669,,,,missing
601677,,,,missing
601678,,,,missing
601686,,,,missing
601688,,,,missing
601689,,,,missing
601696,,,,missing
601698,,,,missing
601699,,,,missing
601700,,,,missing
601702,,,,missing
601717,,,,missing
601718,,,,missing
601727,,,,missing
601728,,,,missing
601766,,,,missing
601777,,,,missing
601778,,,,missing
601788,,,,missing
601789,,,,missing
601798,,,,missing
601799,,,,missing
601800,,,,missing
601801,,,,missing
601808,,,,missing
601811,,,,missing
601816,,,,missing
601818,银行,,大金融,verified
601825,,,,missing
601827,,,,missing
601828,,,,missing
601838,,,,missing
601857,,,,missing
601858,,,,missing
601860,,,,missing
601865,,,,missing
601866,,,,missing
601868,,,,missing
601869,,,,missing
601872,,,,missing
601877,,,,missing
601878,,,,missing
601880,,,,missing
601881,,,,missing
601882,,,,missing
601886,,,,missing
601888,,,,missing
601890,,,,missing
601898,,,,missing
601899,,,,missing
601900,,,,missing
601901,,,,missing
601908,,,,missing
601916,,,,missing
601918,,,,missing
601919,,,,missing
601921,,,,missing
601928,,,,missing
601929,,,,missing
601933,,,,missing
601939,银行,,大金融,verified
601949,,,,missing
601952,,,,missing
601956,,,,missing
601958,,,,missing
601963,,,,missing
601965,,,,missing
601966,,,,missing
601968,,,,missing
601969,,,,missing
601975,,,,missing
601985,,,,missing
601988,银行,,大金融,verified
601990,,,,missing
601991,,,,missing
601992,,,,missing
601995,,,,missing
601996,,,,missing
601997,,,,missing
601998,银行,,大金融,verified
601999,,,,missing
603000,,,,missing
603001,,,,missing
603002,,,,missing
603004,,,,missing
603005,,,,missing
603006,,,,missing
603007,,,,missing
603008,,,,missing
603009,,,,missing
603010,,,,missing
603011,,,,missing
603012,,,,missing
603013,,,,missing
603014,,,,missing
603015,,,,missing
603016,,,,missing
603017,,,,missing
603018,,,,missing
603019,,,,missing
603020,,,,missing
603021,,,,missing
603022,,,,missing
603023,,,,missing
603025,,,,missing
603026,,,,missing
603027,,,,missing
603028,,,,missing
603029,,,,missing
603030,,,,missing
603031,,,,missing
603032,,,,missing
603033,,,,missing
603035,,,,missing
603036,,,,missing
603037,,,,missing
603038,,,,missing
603039,,,,missing
603040,,,,missing
603041,,,,missing
603042,,,,missing
603043,,,,missing
603045,,,,missing
603048,,,,missing
603049,,,,missing
603050,,,,missing
603051,,,,missing
603052,,,,missing
603053,,,,missing
603055,,,,missing
603057,,,,missing
603058,,,,missing
603059,,,,missing
603060,,,,missing
603061,,,,missing
603062,,,,missing
603063,,,,missing
603065,,,,missing
603066,,,,missing
603067,,,,missing
603068,,,,missing
603069,,,,missing
603070,,,,missing
603071,,,,missing
603072,,,,missing
603073,,,,missing
603075,,,,missing
603076,,,,missing
603077,,,,missing
603078,,,,missing
603079,,,,missing
603080,,,,missing
603081,,,,missing
603082,,,,missing
603083,,,,missing
603085,,,,missing
603086,,,,missing
603087,,,,missing
603088,,,,missing
603089,,,,missing
603090,,,,missing
603091,,,,missing
603092,,,,missing
603093,,,,missing
603095,,,,missing
603096,,,,missing
603097,,,,missing
603098,,,,missing
603099,,,,missing
603100,,,,missing
603101,,,,missing
603102,,,,missing
603103,,,,missing
603105,,,,missing
603106,,,,missing
603107,,,,missing
603108,,,,missing
603109,,,,missing
603110,,,,missing
603111,,,,missing
603112,,,,missing
603113,,,,missing
603115,,,,missing
603116,,,,missing
603117,,,,missing
603118,,,,missing
603119,,,,missing
603120,,,,missing
603121,,,,missing
603122,,,,missing
603123,,,,missing
603124,,,,missing
603125,,,,missing
603126,,,,missing
603127,,,,missing
603128,,,,missing
603129,,,,missing
603130,,,,missing
603131,,,,missing
603132,,,,missing
603135,,,,missing
603136,,,,missing
603137,,,,missing
603138,,,,missing
603139,,,,missing
603150,,,,missing
603151,,,,missing
603153,,,,missing
603155,,,,missing
603156,,,,missing
603158,,,,missing
603159,,,,missing
603160,,,,missing
603161,,,,missing
603162,,,,missing
603163,,,,missing
603165,,,,missing
603166,,,,missing
603167,,,,missing
603168,,,,missing
603169,,,,missing
603170,,,,missing
603171,,,,missing
603172,,,,missing
603173,,,,missing
603175,,,,missing
603176,,,,missing
603177,,,,missing
603178,,,,missing
603179,,,,missing
603180,,,,missing
603181,,,,missing
603182,,,,missing
603183,,,,missing
603185,,,,missing
603186,,,,missing
603187,,,,missing
603188,,,,missing
603189,,,,missing
603190,,,,missing
603191,,,,missing
603192,,,,missing
603193,,,,missing
603194,,,,missing
603195,,,,missing
603196,,,,missing
603197,,,,missing
603198,,,,missing
603199,,,,missing
603200,,,,missing
603201,,,,missing
603202,,,,missing
603203,,,,missing
603205,,,,missing
603206,,,,missing
603207,,,,missing
603208,,,,missing
603209,,,,missing
603210,,,,missing
603211,,,,missing
603212,,,,missing
603213,,,,missing
603214,,,,missing
603215,,,,missing
603216,,,,missing
603217,,,,missing
603218,,,,missing
603219,,,,missing
603220,,,,missing
603221,,,,missing
603222,,,,missing
603223,,,,missing
603225,,,,missing
603226,,,,missing
603227,,,,missing
603228,,,,missing
603229,,,,missing
603230,,,,missing
603231,,,,missing
603232,,,,missing
603233,,,,missing
603235,,,,missing
603236,,,,missing
603237,,,,missing
603238,,,,missing
603239,,,,missing
603248,,,,missing
603255,,,,missing
603256,,,,missing
603257,,,,missing
603258,,,,missing
603259,,,,missing
603260,,,,missing
603261,,,,missing
603262,,,,missing
603266,,,,missing
603267,,,,missing
603268,,,,missing
603269,,,,missing
603270,,,,missing
603271,,,,missing
603272,,,,missing
603273,,,,missing
603275,,,,missing
603276,,,,missing
603277,,,,missing
603278,,,,missing
603279,,,,missing
603280,,,,missing
603281,,,,missing
603282,,,,missing
603283,,,,missing
603284,,,,missing
603285,,,,missing
603286,,,,missing
603288,,,,missing
603289,,,,missing
603290,,,,missing
603291,,,,missing
603293,,,,missing
603296,,,,missing
603297,,,,missing
603298,,,,missing
603299,,,,missing
603300,,,,missing
603301,,,,missing
603303,,,,missing
603305,,,,missing
603306,,,,missing
603307,,,,missing
603308,,,,missing
603309,,,,missing
603310,,,,missing
603311,,,,missing
603312,,,,missing
603313,,,,missing
603315,,,,missing
603316,,,,missing
603317,,,,missing
603318,,,,missing
603319,,,,missing
603320,,,,missing
603321,,,,missing
603322,,,,missing
603323,,,,missing
603324,,,,missing
603325,,,,missing
603326,,,,missing
603327,,,,missing
603328,,,,missing
603329,,,,missing
603330,,,,missing
603331,,,,missing
603332,,,,missing
603333,,,,missing
603334,,,,missing
603335,,,,missing
603336,,,,missing
603337,,,,missing
603338,,,,missing
603339,,,,missing
603341,,,,missing
603344,,,,missing
603345,,,,missing
603348,,,,missing
603350,,,,missing
603351,,,,missing
603352,,,,missing
603353,,,,missing
603355,,,,missing
603356,,,,missing
603357,,,,missing
603358,,,,missing
603359,,,,missing
603360,,,,missing
603363,,,,missing
603365,,,,missing
603366,,,,missing
603367,,,,missing
603368,,,,missing
603369,,,,missing
603370,,,,missing
603373,,,,missing
603375,,,,missing
603376,,,,missing
603377,,,,missing
603378,,,,missing
603379,,,,missing
603380,,,,missing
603381,,,,missing
603382,,,,missing
603383,,,,missing
603385,,,,missing
603386,,,,missing
603387,,,,missing
603389,,,,missing
603390,,,,missing
603391,,,,missing
603392,,,,missing
603393,,,,missing
603395,,,,missing
603396,,,,missing
603398,,,,missing
603399,,,,missing
603400,,,,missing
603402,,,,missing
603406,,,,missing
603407,,,,missing
603408,,,,missing
603409,,,,missing
603416,,,,missing
603418,,,,missing
603421,,,,missing
603429,,,,missing
603435,,,,missing
603439,,,,missing
603444,,,,missing
603456,,,,missing
603458,,,,missing
603459,,,,missing
603466,,,,missing
603477,,,,missing
603486,,,,missing
603488,,,,missing
603489,,,,missing
603496,,,,missing
603499,,,,missing
603500,,,,missing
603501,,,,missing
603505,,,,missing
603506,,,,missing
603507,,,,missing
603508,,,,missing
603511,,,,missing
603515,,,,missing
603516,,,,missing
603517,,,,missing
603518,,,,missing
603519,,,,missing
603520,,,,missing
603527,,,,missing
603528,,,,missing
603529,,,,missing
603530,,,,missing
603533,,,,missing
603535,,,,missing
603536,,,,missing
603538,,,,missing
603551,,,,missing
603556,,,,missing
603557,,,,missing
603558,,,,missing
603559,,,,missing
603565,,,,missing
603566,,,,missing
603567,,,,missing
603568,,,,missing
603569,,,,missing
603577,,,,missing
603578,,,,missing
603579,,,,missing
603580,,,,missing
603583,,,,missing
603585,,,,missing
603586,,,,missing
603587,,,,missing
603588,,,,missing
603589,,,,missing
603590,,,,missing
603595,,,,missing
603596,,,,missing
603598,,,,missing
603599,,,,missing
603600,,,,missing
603601,,,,missing
603602,,,,missing
603605,,,,missing
603606,,,,missing
603607,,,,missing
603608,,,,missing
603609,,,,missing
603610,,,,missing
603611,,,,missing
603612,,,,missing
603613,,,,missing
603615,,,,missing
603616,,,,missing
603617,,,,missing
603618,,,,missing
603619,,,,missing
603626,,,,missing
603628,,,,missing
603629,,,,missing
603630,,,,missing
603633,,,,missing
603636,,,,missing
603637,,,,missing
603638,,,,missing
603639,,,,missing
603648,,,,missing
603650,,,,missing
603655,,,,missing
603656,,,,missing
603657,,,,missing
603658,,,,missing
603659,,,,missing
603660,,,,missing
603661,,,,missing
603662,,,,missing
603663,,,,missing
603665,,,,missing
603666,,,,missing
603667,,,,missing
603668,,,,missing
603669,,,,missing
603676,,,,missing
603677,,,,missing
603678,,,,missing
603679,,,,missing
603680,,,,missing
603681,,,,missing
603682,,,,missing
603683,,,,missing
603685,,,,missing
603686,,,,missing
603687,,,,missing
603688,,,,missing
603689,,,,missing
603690,,,,missing
603693,,,,missing
603696,,,,missing
603697,,,,missing
603698,,,,missing
603699,,,,missing
603700,,,,missing
603701,,,,missing
603703,,,,missing
603706,,,,missing
603707,,,,missing
603708,,,,missing
603709,,,,missing
603711,,,,missing
603712,,,,missing
603713,,,,missing
603716,,,,missing
603717,,,,missing
603718,,,,missing
603719,,,,missing
603721,,,,missing
603722,,,,missing
603725,,,,missing
603726,,,,missing
603727,,,,missing
603728,,,,missing
603729,,,,missing
603730,,,,missing
603733,,,,missing
603737,,,,missing
603738,,,,missing
603739,,,,missing
603755,,,,missing
603757,,,,missing
603758,,,,missing
603759,,,,missing
603766,,,,missing
603767,,,,missing
603768,,,,missing
603773,,,,missing
603776,,,,missing
603777,,,,missing
603778,,,,missing
603779,,,,missing
603786,,,,missing
603787,,,,missing
603788,,,,missing
603789,,,,missing
603790,,,,missing
603797,,,,missing
603798,,,,missing
603799,,,,missing
603800,,,,missing
603801,,,,missing
603803,,,,missing
603806,,,,missing
603808,,,,missing
603809,,,,missing
603810,,,,missing
603811,,,,missing
603813,,,,missing
603815,,,,missing
603816,,,,missing
603817,,,,missing
603818,,,,missing
603819,,,,missing
603822,,,,missing
603823,,,,missing
603825,,,,missing
603826,,,,missing
603828,,,,missing
603829,,,,missing
603833,,,,missing
603836,,,,missing
603838,,,,missing
603839,,,,missing
603843,,,,missing
603848,,,,missing
603855,,,,missing
603856,,,,missing
603858,,,,missing
603859,,,,missing
603860,,,,missing
603861,,,,missing
603863,,,,missing
603866,,,,missing
603867,,,,missing
603868,,,,missing
603869,,,,missing
603871,,,,missing
603876,,,,missing
603877,,,,missing
603878,,,,missing
603879,,,,missing
603880,,,,missing
603881,,,,missing
603882,,,,missing
603883,,,,missing
603885,,,,missing
603886,,,,missing
603887,,,,missing
603888,,,,missing
603889,,,,missing
603890,,,,missing
603893,,,,missing
603895,,,,missing
603896,,,,missing
603897,,,,missing
603898,,,,missing
603899,,,,missing
603900,,,,missing
603901,,,,missing
603903,,,,missing
603906,,,,missing
603908,,,,missing
603909,,,,missing
603912,,,,missing
603915,,,,missing
603916,,,,missing
603917,,,,missing
603918,,,,missing
603919,,,,missing
603920,,,,missing
603922,,,,missing
603926,,,,missing
603927,,,,missing
603928,,,,missing
603929,,,,missing
603931,,,,missing
603933,,,,missing
603936,,,,missing
603937,,,,missing
603938,,,,missing
603939,,,,missing
603948,,,,missing
603949,,,,missing
603950,,,,missing
603955,,,,missing
603956,,,,missing
603958,,,,missing
603959,,,,missing
603960,,,,missing
603966,,,,missing
603967,,,,missing
603968,,,,missing
603969,,,,missing
603970,,,,missing
603976,,,,missing
603977,,,,missing
603978,,,,missing
603979,,,,missing
603980,,,,missing
603982,,,,missing
603983,,,,missing
603985,,,,missing
603986,,,,missing
603987,,,,missing
603988,,,,missing
603989,,,,missing
603990,,,,missing
603991,,,,missing
603992,,,,missing
603993,,,,missing
603995,,,,missing
603997,,,,missing
603998,,,,missing
603999,,,,missing
605001,,,,missing
605003,,,,missing
605005,,,,missing
605006,,,,missing
605007,,,,missing
605008,,,,missing
605009,,,,missing
605011,,,,missing
605016,,,,missing
605018,,,,missing
605020,,,,missing
605028,,,,missing
605033,,,,missing
605050,,,,missing
605055,,,,missing
605056,,,,missing
605058,,,,missing
605060,,,,missing
605066,,,,missing
605068,,,,missing
605069,,,,missing
605077,,,,missing
605080,,,,missing
605086,,,,missing
605088,,,,missing
605089,,,,missing
605090,,,,missing
605098,,,,missing
605099,,,,missing
605100,,,,missing
605108,,,,missing
605111,,,,missing
605116,,,,missing
605117,,,,missing
605118,,,,missing
605122,,,,missing
605123,,,,missing
605128,,,,missing
605133,,,,missing
605136,,,,missing
605138,,,,missing
605151,,,,missing
605155,,,,missing
605158,,,,missing
605162,,,,missing
605166,,,,missing
605167,,,,missing
605168,,,,missing
605169,,,,missing
605177,,,,missing
605178,,,,missing
605179,,,,missing
605180,,,,missing
605183,,,,missing
605186,,,,missing
605188,,,,missing
605189,,,,missing
605196,,,,missing
605198,,,,missing
605199,,,,missing
605208,,,,missing
605218,,,,missing
605222,,,,missing
605228,,,,missing
605255,,,,missing
605258,,,,missing
605259,,,,missing
605266,,,,missing
605268,,,,missing
605277,,,,missing
605286,,,,missing
605287,,,,missing
605288,,,,missing
605289,,,,missing
605296,,,,missing
605298,,,,missing
605299,,,,missing
605300,,,,missing
605303,,,,missing
605305,,,,missing
605318,,,,missing
605319,,,,missing
605333,,,,missing
605336,,,,missing
605337,,,,missing
605338,,,,missing
605339,,,,missing
605358,,,,missing
605365,,,,missing
605366,,,,missing
605368,,,,missing
605369,,,,missing
605376,,,,missing
605377,,,,missing
605378,,,,missing
605388,,,,missing
605389,,,,missing
605398,,,,missing
605399,,,,missing
605488,,,,missing
605499,,,,missing
605500,,,,missing
605507,,,,missing
605555,,,,missing
605566,,,,missing
605567,,,,missing
605577,,,,missing
605580,,,,missing
605588,,,,missing
605589,,,,missing
605598,,,,missing
605599,,,,missing
688001,,,,missing
688002,,,,missing
688003,,,,missing
688004,,,,missing
688005,,,,missing
688006,,,,missing
688007,,,,missing
688008,,,,missing
688009,,,,missing
688010,,,,missing
688011,,,,missing
688012,,,,missing
688013,,,,missing
688015,,,,missing
688016,,,,missing
688017,,,,missing
688018,,,,missing
688019,,,,missing
688020,,,,missing
688021,,,,missing
688022,,,,missing
688023,,,,missing
688025,,,,missing
688026,,,,missing
688027,,,,missing
688028,,,,missing
688029,,,,missing
688030,,,,missing
688031,,,,missing
688032,,,,missing
688033,,,,missing
688035,,,,missing
688036,,,,missing
688037,,,,missing
688038,,,,missing
688039,,,,missing
688041,,,,missing
688045,,,,missing
688046,,,,missing
688047,,,,missing
688048,,,,missing
688049,,,,missing
688050,,,,missing
688051,,,,missing
688052,,,,missing
688053,,,,missing
688055,,,,missing
688056,,,,missing
688057,,,,missing
688058,,,,missing
688059,,,,missing
688060,,,,missing
688061,,,,missing
688062,,,,missing
688063,,,,missing
688065,,,,missing
688066,,,,missing
688067,,,,missing
688068,,,,missing
688069,,,,missing
688070,,,,missing
688071,,,,missing
688072,,,,missing
688073,,,,missing
688075,,,,missing
688076,,,,missing
688077,,,,missing
688078,,,,missing
688079,,,,missing
688080,,,,missing
688081,,,,missing
688082,,,,missing
688083,,,,missing
688084,,,,missing
688085,,,,missing
688087,,,,missing
688088,,,,missing
688089,,,,missing
688090,,,,missing
688091,,,,missing
688092,,,,missing
688093,,,,missing
688095,,,,missing
688096,,,,missing
688097,,,,missing
688098,,,,missing
688099,,,,missing
688100,,,,missing
688101,,,,missing
688102,,,,missing
688103,,,,missing
688105,,,,missing
688106,,,,missing
688107,,,,missing
688108,,,,missing
688109,,,,missing
688110,,,,missing
688111,,,,missing
688112,,,,missing
688113,,,,missing
688114,,,,missing
688115,,,,missing
688116,,,,missing
688117,,,,missing
688118,,,,missing
688119,,,,missing
688120,,,,missing
688121,,,,missing
688122,,,,missing
688123,,,,missing
688125,,,,missing
688126,,,,missing
688127,,,,missing
688128,,,,missing
688129,,,,missing
688130,,,,missing
688131,,,,missing
688132,,,,missing
688133,,,,missing
688135,,,,missing
688136,,,,missing
688137,,,,missing
688138,,,,missing
688139,,,,missing
688141,,,,missing
688143,,,,missing
688146,,,,missing
688147,,,,missing
688148,,,,missing
688150,,,,missing
688151,,,,missing
688152,,,,missing
688153,,,,missing
688155,,,,missing
688156,,,,missing
688157,,,,missing
688158,,,,missing
688159,,,,missing
688160,,,,missing
688161,,,,missing
688162,,,,missing
688163,,,,missing
688165,,,,missing
688166,,,,missing
688167,,,,missing
688168,,,,missing
688169,,,,missing
688170,,,,missing
688171,,,,missing
688172,,,,missing
688173,,,,missing
688175,,,,missing
688176,,,,missing
688177,,,,missing
688178,,,,missing
688179,,,,missing
688180,,,,missing
688181,,,,missing
688182,,,,missing
688183,,,,missing
688184,,,,missing
688185,,,,missing
688186,,,,missing
688187,,,,missing
688188,,,,missing
688189,,,,missing
688190,,,,missing
688191,,,,missing
688192,,,,missing
688193,,,,missing
688195,,,,missing
688196,,,,missing
688197,,,,missing
688198,,,,missing
688199,,,,missing
688200,,,,missing
688201,,,,missing
688202,,,,missing
688203,,,,missing
688205,,,,missing
688206,,,,missing
688207,,,,missing
688208,,,,missing
688209,,,,missing
688210,,,,missing
688211,,,,missing
688212,,,,missing
688213,,,,missing
688215,,,,missing
688216,,,,missing
688217,,,,missing
688218,,,,missing
688219,,,,missing
688220,,,,missing
688221,,,,missing
688222,,,,missing
688223,,,,missing
688225,,,,missing
688226,,,,missing
688227,,,,missing
688228,,,,missing
688229,,,,missing
688230,,,,missing
688231,,,,missing
688232,,,,missing
688233,,,,missing
688234,,,,missing
688235,,,,missing
688236,,,,missing
688237,,,,missing
688238,,,,missing
688239,,,,missing
688244,,,,missing
688246,,,,missing
688247,,,,missing
688248,,,,missing
688249,,,,missing
688251,,,,missing
688252,,,,missing
688253,,,,missing
688255,,,,missing
688256,,,,missing
688257,,,,missing
688258,,,,missing
688259,,,,missing
688260,,,,missing
688261,,,,missing
688262,,,,missing
688265,,,,missing
688266,,,,missing
688267,,,,missing
688268,,,,missing
688269,,,,missing
688270,,,,missing
688271,,,,missing
688272,,,,missing
688273,,,,missing
688275,,,,missing
688276,,,,missing
688277,,,,missing
688278,,,,missing
688279,,,,missing
688280,,,,missing
688281,,,,missing
688282,,,,missing
688283,,,,missing
688285,,,,missing
688286,,,,missing
688288,,,,missing
688289,,,,missing
688290,,,,missing
688291,,,,missing
688292,,,,missing
688293,,,,missing
688295,,,,missing
688296,,,,missing
688297,,,,missing
688298,,,,missing
688299,,,,missing
688300,,,,missing
688301,,,,missing
688302,,,,missing
688303,,,,missing
688305,,,,missing
688306,,,,missing
688307,,,,missing
688308,,,,missing
688309,,,,missing
688310,,,,missing
688311,,,,missing
688312,,,,missing
688313,,,,missing
688314,,,,missing
688315,,,,missing
688316,,,,missing
688317,,,,missing
688318,,,,missing
688319,,,,missing
688320,,,,missing
688321,,,,missing
688322,,,,missing
688323,,,,missing
688325,,,,missing
688326,,,,missing
688327,,,,missing
688328,,,,missing
688329,,,,missing
688330,,,,missing
688331,,,,missing
688332,,,,missing
688333,,,,missing
688334,,,,missing
688335,,,,missing
688336,,,,missing
688337,,,,missing
688338,,,,missing
688339,,,,missing
688343,,,,missing
688345,,,,missing
688347,,,,missing
688348,,,,missing
688349,,,,missing
688350,,,,missing
688351,,,,missing
688352,,,,missing
688353,,,,missing
688355,,,,missing
688356,,,,missing
688357,,,,missing
688358,,,,missing
688359,,,,missing
688360,,,,missing
688361,,,,missing
688362,,,,missing
688363,,,,missing
688365,,,,missing
688366,,,,missing
688367,,,,missing
688368,,,,missing
688369,,,,missing
688370,,,,missing
688371,,,,missing
688372,,,,missing
688373,,,,missing
688375,,,,missing
688376,,,,missing
688377,,,,missing
688378,,,,missing
688379,,,,missing
688380,,,,missing
688381,,,,missing
688382,,,,missing
688383,,,,missing
688385,,,,missing
688386,,,,missing
688387,,,,missing
688388,,,,missing
688389,,,,missing
688390,,,,missing
688391,,,,missing
688392,,,,missing
688393,,,,missing
688395,,,,missing
688396,,,,missing
688398,,,,missing
688399,,,,missing
688400,,,,missing
688401,,,,missing
688403,,,,missing
688408,,,,missing
688409,,,,missing
688410,,,,missing
688411,,,,missing
688416,,,,missing
688418,,,,missing
688419,,,,missing
688420,,,,missing
688425,,,,missing
688426,,,,missing
688428,,,,missing
688429,,,,missing
688432,,,,missing
688433,,,,missing
688435,,,,missing
688439,,,,missing
688443,,,,missing
688448,,,,missing
688449,,,,missing
688450,,,,missing
688455,,,,missing
688456,,,,missing
688458,,,,missing
688459,,,,missing
688466,,,,missing
688468,,,,missing
688469,,,,missing
688472,,,,missing
688475,,,,missing
688478,,,,missing
688479,,,,missing
688480,,,,missing
688484,,,,missing
688485,,,,missing
688486,,,,missing
688488,,,,missing
688489,,,,missing
688496,,,,missing
688498,,,,missing
688499,,,,missing
688500,,,,missing
688501,,,,missing
688502,,,,missing
688503,,,,missing
688505,,,,missing
688506,,,,missing
688507,,,,missing
688508,,,,missing
688509,,,,missing
688510,,,,missing
688511,,,,missing
688512,,,,missing
688513,,,,missing
688515,,,,missing
688516,,,,missing
688517,,,,missing
688518,,,,missing
688519,,,,missing
688520,,,,missing
688521,,,,missing
688522,,,,missing
688523,,,,missing
688525,,,,missing
688526,,,,missing
688528,,,,missing
688529,,,,missing
688530,,,,missing
688531,,,,missing
688533,,,,missing
688535,,,,missing
688536,,,,missing
688538,,,,missing
688539,,,,missing
688543,,,,missing
688545,,,,missing
688548,,,,missing
688549,,,,missing
688550,,,,missing
688551,,,,missing
688552,,,,missing
688553,,,,missing
688556,,,,missing
688557,,,,missing
688558,,,,missing
688559,,,,missing
688560,,,,missing
688561,,,,missing
688562,,,,missing
688563,,,,missing
688565,,,,missing
688566,,,,missing
688567,,,,missing
688568,,,,missing
688569,,,,missing
688570,,,,missing
688571,,,,missing
688573,,,,missing
688575,,,,missing
688576,,,,missing
688577,,,,missing
688578,,,,missing
688579,,,,missing
688580,,,,missing
688581,,,,missing
688582,,,,missing
688583,,,,missing
688584,,,,missing
688585,,,,missing
688586,,,,missing
688588,,,,missing
688589,,,,missing
688590,,,,missing
688591,,,,missing
688592,,,,missing
688593,,,,missing
688595,,,,missing
688596,,,,missing
688597,,,,missing
688598,,,,missing
688599,,,,missing
688600,,,,missing
688601,,,,missing
688602,,,,missing
688603,,,,missing
688605,,,,missing
688606,,,,missing
688607,,,,missing
688608,,,,missing
688609,,,,missing
688610,,,,missing
688611,,,,missing
688612,,,,missing
688613,,,,missing
688615,,,,missing
688616,,,,missing
688617,,,,missing
688618,,,,missing
688619,,,,missing
688620,,,,missing
688621,,,,missing
688622,,,,missing
688623,,,,missing
688625,,,,missing
688626,,,,missing
688627,,,,missing
688628,,,,missing
688629,,,,missing
688630,,,,missing
688631,,,,missing
688633,,,,missing
688635,,,,missing
688636,,,,missing
688638,,,,missing
688639,,,,missing
688646,,,,missing
688648,,,,missing
688651,,,,missing
688652,,,,missing
688653,,,,missing
688655,,,,missing
688656,,,,missing
688657,,,,missing
688658,,,,missing
688659,,,,missing
688660,,,,missing
688661,,,,missing
688662,,,,missing
688663,,,,missing
688665,,,,missing
688667,,,,missing
688668,,,,missing
688669,,,,missing
688670,,,,missing
688671,,,,missing
688676,,,,missing
688677,,,,missing
688678,,,,missing
688679,,,,missing
688680,,,,missing
688681,,,,missing
688682,,,,missing
688683,,,,missing
688685,,,,missing
688686,,,,missing
688687,,,,missing
688689,,,,missing
688690,,,,missing
688691,,,,missing
688692,,,,missing
688693,,,,missing
688695,,,,missing
688696,,,,missing
688697,,,,missing
688698,,,,missing
688699,,,,missing
688700,,,,missing
688701,,,,missing
688702,,,,missing
688707,,,,missing
688708,,,,missing
688709,,,,missing
688710,,,,missing
688711,,,,missing
688712,,,,missing
688716,,,,missing
688717,,,,missing
688718,,,,missing
688719,,,,missing
688720,,,,missing
688721,,,,missing
688722,,,,missing
688726,,,,missing
688727,,,,missing
688728,,,,missing
688729,,,,missing
688733,,,,missing
688737,,,,missing
688739,,,,missing
688750,,,,missing
688755,,,,missing
688757,,,,missing
688758,,,,missing
688759,,,,missing
688765,,,,missing
688766,,,,missing
688767,,,,missing
688768,,,,missing
688772,,,,missing
688775,,,,missing
688776,,,,missing
688777,,,,missing
688778,,,,missing
688779,,,,missing
688781,,,,missing
688783,,,,missing
688785,,,,missing
688786,,,,missing
688787,,,,missing
688788,,,,missing
688789,,,,missing
688790,,,,missing
688793,,,,missing
688795,,,,missing
688796,,,,missing
688797,,,,missing
688798,,,,missing
688799,,,,missing
688800,,,,missing
688802,,,,missing
688805,,,,missing
688806,,,,missing
688807,,,,missing
688808,,,,missing
688809,,,,missing
688811,,,,missing
688813,,,,missing
688816,,,,missing
688818,,,,missing
688819,,,,missing
688820,,,,missing
688825,,,,missing
688981,,,,missing
689009,,,,missing
920000,,,,missing
920001,,,,missing
920002,,,,missing
920003,,,,missing
920005,,,,missing
920006,,,,missing
920007,,,,missing
920008,,,,missing
920009,,,,missing
920010,,,,missing
920011,,,,missing
920012,,,,missing
920014,,,,missing
920015,,,,missing
920016,,,,missing
920017,,,,missing
920018,,,,missing
920019,,,,missing
920020,,,,missing
920021,,,,missing
920022,,,,missing
920023,,,,missing
920026,,,,missing
920027,,,,missing
920028,,,,missing
920029,,,,missing
920030,,,,missing
920033,,,,missing
920035,,,,missing
920036,,,,missing
920037,,,,missing
920039,,,,missing
920045,,,,missing
920046,,,,missing
920047,,,,missing
920050,,,,missing
920055,,,,missing
920056,,,,missing
920057,,,,missing
920058,,,,missing
920060,,,,missing
920061,,,,missing
920062,,,,missing
920065,,,,missing
920066,,,,missing
920068,,,,missing
920069,,,,missing
920072,,,,missing
920075,,,,missing
920076,,,,missing
920077,,,,missing
920078,,,,missing
920079,,,,missing
920080,,,,missing
920081,,,,missing
920082,,,,missing
920083,,,,missing
920086,,,,missing
920087,,,,missing
920088,,,,missing
920089,,,,missing
920090,,,,missing
920091,,,,missing
920092,,,,missing
920096,,,,missing
920098,,,,missing
920099,,,,missing
920100,,,,missing
920101,,,,missing
920106,,,,missing
920108,,,,missing
920110,,,,missing
920111,,,,missing
920112,,,,missing
920116,,,,missing
920117,,,,missing
920118,,,,missing
920119,,,,missing
920121,,,,missing
920122,,,,missing
920123,,,,missing
920124,,,,missing
920125,,,,missing
920126,,,,missing
920128,,,,missing
920130,,,,missing
920132,,,,missing
920136,,,,missing
920139,,,,missing
920145,,,,missing
920146,,,,missing
920149,,,,missing
920152,,,,missing
920156,,,,missing
920158,,,,missing
920159,,,,missing
920160,,,,missing
920161,,,,missing
920163,,,,missing
920166,,,,missing
920167,,,,missing
920168,,,,missing
920169,,,,missing
920171,,,,missing
920174,,,,missing
920175,,,,missing
920176,,,,missing
920177,,,,missing
920178,,,,missing
920179,,,,missing
920180,,,,missing
920181,,,,missing
920183,,,,missing
920184,,,,missing
920185,,,,missing
920186,,,,missing
920187,,,,missing
920188,,,,missing
920189,,,,missing
920190,,,,missing
920191,,,,missing
920193,,,,missing
920195,,,,missing
920198,,,,missing
920199,,,,missing
920200,,,,missing
920204,,,,missing
920206,,,,missing
920207,,,,missing
920208,,,,missing
920211,,,,missing
920212,,,,missing
920218,,,,missing
920220,,,,missing
920221,,,,missing
920222,,,,missing
920223,,,,missing
920225,,,,missing
920227,,,,missing
920230,,,,missing
920237,,,,missing
920238,,,,missing
920239,,,,missing
920242,,,,missing
920245,,,,missing
920247,,,,missing
920249,,,,missing
920252,,,,missing
920260,,,,missing
920261,,,,missing
920262,,,,missing
920263,,,,missing
920266,,,,missing
920267,,,,missing
920270,,,,missing
920271,,,,missing
920273,,,,missing
920274,,,,missing
920275,,,,missing
920278,,,,missing
920284,,,,missing
920299,,,,missing
920300,,,,missing
920304,,,,missing
920339,,,,missing
920344,,,,missing
920346,,,,missing
920351,,,,missing
920357,,,,missing
920363,,,,missing
920367,,,,missing
920368,,,,missing
920370,,,,missing
920371,,,,missing
920374,,,,missing
920375,,,,missing
920378,,,,missing
920392,,,,missing
920394,,,,missing
920395,,,,missing
920396,,,,missing
920402,,,,missing
920403,,,,missing
920405,,,,missing
920407,,,,missing
920414,,,,missing
920415,,,,missing
920418,,,,missing
920419,,,,missing
920422,,,,missing
920425,,,,missing
920427,,,,missing
920429,,,,missing
920433,,,,missing
920436,,,,missing
920438,,,,missing
920445,,,,missing
920454,,,,missing
920455,,,,missing
920469,,,,missing
920471,,,,missing
920475,,,,missing
920476,,,,missing
920478,,,,missing
920489,,,,missing
920491,,,,missing
920493,,,,missing
920496,,,,missing
920504,,,,missing
920505,,,,missing
920508,,,,missing
920509,,,,missing
920510,,,,missing
920519,,,,missing
920522,,,,missing
920523,,,,missing
920526,,,,missing
920527,,,,missing
920533,,,,missing
920541,,,,missing
920547,,,,missing
920553,,,,missing
920556,,,,missing
920564,,,,missing
920566,,,,missing
920570,,,,missing
920571,,,,missing
920575,,,,missing
920576,,,,missing
920578,,,,missing
920579,,,,missing
920580,,,,missing
920592,,,,missing
920593,,,,missing
920599,,,,missing
920608,,,,missing
920627,,,,missing
920634,,,,missing
920639,,,,missing
920640,,,,missing
920641,,,,missing
920642,,,,missing
920651,,,,missing
920656,,,,missing
920662,,,,missing
920663,,,,missing
920665,,,,missing
920670,,,,missing
920675,,,,missing
920679,,,,missing
920682,,,,missing
920685,,,,missing
920689,,,,missing
920690,,,,missing
920693,,,,missing
920694,,,,missing
920699,,,,missing
920701,,,,missing
920703,,,,missing
920706,,,,missing
920717,,,,missing
920718,,,,missing
920719,,,,missing
920720,,,,missing
920725,,,,missing
920726,,,,missing
920729,,,,missing
920735,,,,missing
920748,,,,missing
920751,,,,missing
920753,,,,missing
920765,,,,missing
920768,,,,missing
920770,,,,missing
920779,,,,missing
920781,,,,missing
920786,,,,missing
920790,,,,missing
920792,,,,missing
920799,,,,missing
920802,,,,missing
920806,,,,missing
920807,,,,missing
920808,,,,missing
920809,,,,missing
920810,,,,missing
920819,,,,missing
920821,,,,missing
920826,,,,missing
920832,,,,missing
920833,,,,missing
920834,,,,missing
920837,,,,missing
920839,,,,missing
920855,,,,missing
920856,,,,missing
920857,,,,missing
920866,,,,missing
920870,,,,missing
920871,,,,missing
920873,,,,missing
920876,,,,missing
920879,,,,missing
920885,,,,missing
920892,,,,missing
920895,,,,missing
920896,,,,missing
920906,,,,missing
920914,,,,missing
920924,,,,missing
920925,,,,missing
920926,,,,missing
920931,,,,missing
920932,,,,missing
920942,,,,missing
920943,,,,missing
920946,,,,missing
920950,,,,missing
920953,,,,missing
920957,,,,missing
920961,,,,missing
920964,,,,missing
920970,,,,missing
920971,,,,missing
920974,,,,missing
920976,,,,missing
920978,,,,missing
920981,,,,missing
920982,,,,missing
920985,,,,missing
920992,,,,missing
